normed	 toponymName	 adminName1	 countryName	geo	 geonameId	fclName
Michilimackinac	Michilimackinac	NA	NA	[45.786667,-84.735978]		Locations
Puget Sound	Puget Sound	NA	NA	[47.932225,-122.508582]		Location
Pugets Sound	Pugets Sound	NA	NA	[47.932225,-122.508582]		Location
Germanic States	Germanic States	NA	NA	[51.165691,10.451526]		Country
Zollverein	Zollverein	NA	NA	[51.165691,10.451526]		Country
Bryarlys Landing	Bryarlys Landing	NA	NA	[33.746497,-94.890774]		Location
Austro-Hungarian	Austro-Hungarian	NA		[47.153716,16.26888]		Country
Central Empires	Central Empires	NA		[47.153716,16.26888]		Country
Quito	Quito	NA	NA	[-0.148303,-78.445438]	NA	Location
Congo	Congo	NA	Congo	[-0.228021,15.827659]		Country
Kongo	Kongo	NA	Kongo	[-0.228021,15.827659]		Country
North Pacific	North Pacific	NA	NA	[-0.35156,-123.105476]		Ocean
North Pacific Ocean	North Pacific Ocean	NA	NA	[-0.35156,-123.105476]		Ocean
Pacific	Pacific	NA	NA	[-0.35156,-123.105476]		Ocean
Pacific Ocean	Pacific Ocean	NA	NA	[-0.35156,-123.105476]		Ocean
South Sea	South Sea	NA	NA	[-0.35156,-123.105476]		Ocean
Southwest Pacific	Southwest Pacific	NA	NA	[-0.35156,-123.105476]		Ocean
Northern Pacific	Northern Pacific	NA	NA	[-0.35156,-123.105476]		Ocean
Central Pacific	Central Pacific	NA	NA	[-0.35156,-123.105476]		Ocean
Fernandina	Fernandina	NA	NA	[30.683030,-81.461750]		Location
Sumatra	Sumatra	NA	NA	[-0.589724,101.343106]		Region
Dutch East Indies	Dutch East Indies	NA	Dutch East Indies	[-0.789275,113.921327]		Country
Indonesia	Indonesia	NA	Indonesia	[-0.789275,113.921327]		Country
Kongo Basin	Kongo Basin	NA	NA	[-1.070825,21.446517]		Region
Riobamba	Riobamba	NA	NA	[-1.673485,-78.647992]		Location
Ecuador	Ecuador	NA	Ecuador	[-1.831239,-78.183406]		Country
Equador	Equador	NA	Equador	[-1.831239,-78.183406]		Country
Rwanda	Rwanda	NA	Rwanda	[-1.940278,29.873888]		Country
Angola	Angola	NA	Angola	[-11.202692,17.873887]		Country
Lima	Lima	NA	NA	[-12.047816,-77.062203]		Location
Salvador	Salvador	NA	NA	[-12.972229,-38.50142]		Location
Zambia	Zambia	NA	Zambia	[-13.133897,27.849332]		Country
Chincha Islands	Chincha Islands	NA	NA	[-13.633333,-76.416667]		Location
Samoa	Samoa	NA	Samoa	[-13.759029,-172.104629]		Country
Samoan	Samoan	NA	Samoan	[-13.759029,-172.104629]		Country
Samoan Islands	Samoan Islands	NA	Samoan Islands	[-13.759029,-172.104629]		Country
Apia	Apia	NA	NA	[-13.833333,-171.75]		Location
Upolu	Upolu	NA	NA	[-13.913408,-171.734942]		Location
Manua	Manua	NA	NA	[-14.206677,-169.526621]		Location
Brazil	Brazil	NA	Brazil	[-14.235004,-51.92528]		Country
Brazilian	Brazilian	NA	Brazilian	[-14.235004,-51.92528]		Country
Republic of Brazil	Republic of Brazil	NA	Republic of Brazil	[-14.235004,-51.92528]		Country
Pago Pago	Pago Pago	NA	NA	[-14.27933,-170.700897]		Location
Pago-Pago	Pago-Pago	NA	NA	[-14.27933,-170.700897]		Location
Tutuila	Tutuila	NA	NA	[-14.302726,-170.732529]		Location
American Samoa	American Samoa	NA	American Samoa	[-14.305941,-170.6962]		Country
Bolivia	Bolivia	NA	Bolivia	[-16.290154,-63.588653]		Country
Bolivian Republic	Bolivian Republic	NA	Bolivian Republic	[-16.290154,-63.588653]		Country
Central American States	Central American States	NA	Central American States	[12.769013,-85.602364]		Country
Tamatav	Tamatav	NA	NA	[-18.1499,49.402309]		Location
Tacna-Arica	Tacna-Arica	NA	NA	[-18.477044,-70.314533]		Region
Portuguese South Africa	Portuguese South Africa	NA	Portuguese South Africa	[-18.665695,35.529562]		Country
Mozambique	Mozambique	NA	Mozambique	[-18.665695,35.529562]		Country
Madagascar	Madagascar	NA	Madagascar	[-18.766947,46.869107]		Country
Southern Rhodesia	Southern Rhodesia	NA	Southern Rhodesia	[-19.015438,29.154857]		Country
Rhodesia	Rhodesia	NA	Rhodesia	[-19.015438,29.154857]		Country
Zimbabwe	Zimbabwe	NA	Zimbabwe	[-19.015438,29.154857]		Country
Coral Sea	Coral Sea	NA	NA	[-19.391955,155.856065]		Ocean
Amazon	Amazon	NA	NA	[-2.165109,-55.115513]		Region
Amazon River	Amazon River	NA	NA	[-2.165109,-55.115513]		Region
Guayaquil	Guayaquil	NA	NA	[-2.203816,-79.897453]		Location
Southeast Asia	Southeast Asia	NA	NA	[-2.21797,115.66283]		Region
Iquique	Iquique	NA	NA	[-20.2167,-70.142223]		Location
North-East	North-East	NA	NA	[43.965389,-70.822654]		Region
St. Pierre	St. Pierre	NA	NA	[46.7778,-56.1778]		Location
Botswana	Botswana	NA	Botswana	[-22.328474,24.684866]		Country
Rio de Janeiro	Rio de Janeiro	NA	NA	[-22.913395,-43.20071]		Location
Rio Janeiro	Rio Janeiro	NA	NA	[-22.913395,-43.20071]		Location
Namibia	Namibia	NA	Namibia	[-22.95764,18.49041]		Country
Atacama Desert	Atacama Desert	NA	NA	[-23.369544,-69.859741]		Region
Paraguay	Paraguay	NA	Paraguay	[-23.442503,-58.443832]		Country
Southern Africa	Southern Africa	NA	NA	[-24.357077,19.56871]		Region
Mariana Islands	Mariana Islands	NA	Mariana Islands	[16.616667,145.616667]		Country
Parana	Parana	NA	NA	[-25.252089,-52.021542]		Location
Australia	Australia	NA	Australia	[-25.274398,133.775136]		Country
Australian	Australian	NA	Australian	[-25.274398,133.775136]		Country
Asuncion	Asuncion	NA	NA	[-25.282197,-57.6351]		Location
White River	White River	NA	NA	[-25.322201,31.021351]		Location
Pretoria	Pretoria	NA	NA	[-25.73134,28.21837]		Location
Delagoa Bay	Delagoa Bay	NA	NA	[-26.149613,32.706843]		Location
Delagoa Bay Railway	Delagoa Bay Railway	NA	NA	[-26.149613,32.706843]		Location
North West	North West	NA	NA	[37.123428,-81.844293]		Region
Yugoslavia	Yugoslavia	NA	Yugoslavia	[44.786568,20.448922]		Country
Boer States of Africa	Boer States of Africa	NA	Boer States of Africa	[-28.45411,26.796785]		Country
Australasia	Australasia	NA	NA	[-29.532804,145.491477]		Region
South Pacific	South Pacific	NA	NA	[-29.53523,-139.277351]		Ocean
Southern Pacific	Southern Pacific	NA	NA	[-29.53523,-139.277351]		Ocean
Coquimbo	Coquimbo	NA	NA	[-29.9533,-71.3436]		Location
Iquitos	Iquitos	NA	NA	[-3.743673,-73.251633]		Location
South Africa	South Africa	NA	South Africa	[-30.559482,22.937506]		Country
South African	South African	NA	South African	[-30.559482,22.937506]		Country
New South Wales	New South Wales	NA	NA	[-31.253218,146.921099]		Region
Oriental Republic of Uruguay	Oriental Republic of Uruguay	NA	Oriental Republic of Uruguay	[-32.522779,-55.765835]		Country
Uruguay	Uruguay	NA	Uruguay	[-32.522779,-55.765835]		Country
Parana River	Parana River	NA	NA	[-32.977091,-59.636834]		Location
Valparaiso	Valparaiso	NA	NA	[-33.045646,-71.620361]		Location
Indian Ocean	Indian Ocean	NA	NA	[-33.137551,81.826172]		Ocean
Indian Sea	Indian Sea	NA	NA	[-33.137551,81.826172]		Ocean
Santiago	Santiago	NA	NA	[-33.46912,-70.641997]		Location
South Atlantic Ocean	South Atlantic Ocean	NA	NA	[-33.72434,-15.996094]		Ocean
South Atlantic	South Atlantic	NA	NA	[-33.72434,-15.996094]		Ocean
Sydney	Sydney	NA	NA	[-33.867487,151.20699]		Location
Cape Town	Cape Town	NA	NA	[-33.924868,18.424055]		Location
Cape San Juan	Cape San Juan	NA	NA	[18.381111,-65.61825]		Location
Cape of Good Hope	Cape of Good Hope	NA	NA	[-34.357016,18.473668]		Location
Buenos Aires	Buenos Aires	NA	NA	[-34.603723,-58.381593]		Location
Buenos Ayres	Buenos Ayres	NA	NA	[-34.603723,-58.381593]		Location
Montevideo	Montevideo	NA	NA	[-34.817317,-56.158871]		Location
La Plata	La Plata	NA	NA	[-34.92125,-57.954333]		Location
Chile	Chile	NA	Chile	[-35.675147,-71.542969]		Country
Republic of Chili	Republic of Chili	NA	Republic of Chili	[-35.675147,-71.542969]		Country
Bosnia	Bosnia	NA	Bosnia	[43.915886,17.679076]		Country
Auckland	Auckland	NA	NA	[-36.84846,174.763332]		Location
Itata	Itata	NA	NA	[-36.901685,-73.144369]		Location
Melbourne	Melbourne	NA	NA	[-37.814215,144.963231]		Location
Argentina	Argentina	NA	Argentina	[-38.416097,-63.616672]		Country
Argentine Republic	Argentine Republic	NA	Argentine Republic	[-38.416097,-63.616672]		Country
Mombasa	Mombasa	NA	NA	[-4.043477,39.668207]		Location
LATIN AMERICA	LATIN AMERICA	NA	NA	[-4.442038,-61.326854]		Region
Latin America	Latin America	NA	NA	[-4.442038,-61.326854]		Region
LATIN AMERICA	LATIN AMERICA	NA	NA	[-4.442038,-61.326854]		Region
Latin America	Latin America	NA	NA	[-4.442038,-61.326854]		Region
LATIN AMERICA	LATIN AMERICA	NA	NA	[-4.442038,-61.326854]		Region
Latin America	Latin America	NA	NA	[-4.442038,-61.326854]		Region
LATIN AMERICA	LATIN AMERICA	NA	NA	[-4.442038,-61.326854]		Region
Latin America	Latin America	NA	NA	[-4.442038,-61.326854]		Region
Latin American	Latin American	NA	NA	[-4.442038,-61.326854]		Region
New Zealand	New Zealand	NA	New Zealand	[-40.900557,174.885971]		Country
Port Arthur	Port Arthur	NA	NA	[-43.138974,147.850694]		Location
Zanjon	Zanjon	NA	NA	[12.879721,121.774017]		Location
New Guinea	New Guinea	NA	New Guinea	[-5.092566,140.711092]		Country
West New Guinea	West New Guinea	NA	West New Guinea	[-5.092566,140.711092]		Country
Falkland Islands	Falkland Islands	NA	NA	[-51.796253,-59.523613]		Region
Tierra del Fuego	Tierra del Fuego	NA	NA	[-54.308355,-67.745156]		Region
Cape Horn	Cape Horn	NA	NA	[-55.983333,-67.266667]		Location
Jakarta	Jakarta	NA	NA	[-6.208763,106.845599]		Location
Atua	Atua	NA	NA	[-6.284841,150.033173]		Location
Tanzania	Tanzania	NA	Tanzania	[-6.369028,34.888822]		Country
Lobos Islands	Lobos Islands	NA	NA	[-6.947221,-80.720749]		Location
Bali	Bali	NA	NA	[-8.409518,115.188916]		Region
South America	South America	NA	NA	[-8.783195,-55.491477]		Continent
SOUTH AMERICA	SOUTH AMERICA	NA	NA	[-8.783195,-55.491477]		Continent
South America	South America	NA	NA	[-8.783195,-55.491477]		Continent
South American	South American	NA	NA	[-8.783195,-55.491477]		Continent
South American Republics	South American Republics	NA	NA	[-8.783195,-55.491477]		Continent
South American States	South American States	NA	NA	[-8.783195,-55.491477]		Continent
Southern America	Southern America	NA	NA	[-8.783195,-55.491477]		Region
southern Republics	southern Republics	NA	NA	[-8.783195,-55.491477]		Continent
Fuca	Fuca	NA	NA	[48.285870,-123.366623]		Location
East Timor	East Timor	NA	East Timor	[-8.874217,125.727539]		Country
Antarctic	Antarctic	NA	NA	[-82.862752,-135]		Continent
Antarctica	Antarctica	NA	NA	[-82.862752,-135]		Continent
Peru	Peru	NA	Peru	[-9.189967,-75.015152]		Country
Republic of Peru	Republic of Peru	NA	Republic of Peru	[-9.189967,-75.015152]		Country
Guadalcanal	Guadalcanal	NA	NA	[-9.577328,160.145581]		Location
Solomon Islands	Solomon Islands	NA	Solomon Islands	[-9.64571,160.156194]		Country
Disturnell	Disturnell	NA	NA	[]		
Expendi	Expendi	NA	NA	[]		
Nicaragua Canal	Nicaragua Canal	NA	Nicaragua Canal	[12.865416,-85.207229]		Country
Northern States	Northern States	NA	NA	[40.642042, -82.097963]		Region
Oceanica	Oceanica	NA	NA	[40.642042, -82.097963]		Region
Old World	Old World	NA	NA	[54.525961,15.255119]		
Pacific States	Pacific States	NA	NA	[38.928509,-120.936298]		Region
Patagonian	Patagonian	NA	NA	[-41.810147,-68.906269]		Region
Spanish Indies	Spanish Indies	NA	Spanish Indies	[12.879721,121.774017]		Country
Territory of Orleans	Territory of Orleans	NA	NA	[ 38.041638, -95.221934]		Region
Upper Colorado River Basin	Upper Colorado River Basin	NA	NA	[ 38.944493, -109.086679]		Region
Acheen	Acheen	NA	NA	[4.695135,96.749399]		Location
Cape Serdze	Cape Serdze	NA	NA	[66.911797, -171.636688]		
Great Kenhawa	Great Kenhawa	NA	NA	[38.837859,-82.142645]		Location
Kaskaskias	Kaskaskias	NA	NA	[37.921441,-89.913164]		Location
Playtas	Playtas	NA	NA	[]		
Polynesian Island	Polynesian Island	NA	NA	[]		
Sibutd	Sibutd	NA	NA	[]		
Simonosaki	Simonosaki	NA	NA	[]		
Borneo	Borneo	NA	NA	[1.068237,114.233536]		Region
Singapore	Singapore	NA	Singapore	[1.352083,103.819836]		Country
Uganda	Uganda	NA	Uganda	[1.373333,32.290275]		Country
Tarawa	Tarawa	NA	Tarawa	[1.440144,173.076403]		Country
Alhajuela	Alhajuela	NA	NA	[10.391583,-84.438272]		Location
Caracas	Caracas	NA	NA	[10.491016,-66.902061]		Location
Bacolod	Bacolod	NA	NA	[10.640739,122.968956]		Location
Trinidad	Trinidad	NA	Trinidad	[10.691803,-61.222503]		Country
Iloilo	Iloilo	NA	NA	[10.72015,122.562106]		Location
Chi Minh Ville	Chi Minh Ville	NA	NA	[10.771667,106.704444]		Location
Hambali	Hambali	NA	NA	[10.781111,24.898333]		Location
Saigon	Saigon	NA	NA	[10.823099,106.629664]		Location
Greytown	Greytown	NA	NA	[10.932472,-83.691597]		Location
San Juan de Nicaragua	San Juan de Nicaragua	NA	NA	[10.932472,-83.691597]		Location
San Juan del Norte	San Juan del Norte	NA	NA	[10.944955,-83.737732]		Location
Tobago	Tobago	NA	Tobago	[11.226785,-60.651735]		Country
Leyte	Leyte	NA	NA	[11.366667,124.483333]		Location
Lake Nicaragua	Lake Nicaragua	NA	NA	[11.578658,-85.354965]		Region
Bluefields	Bluefields	NA	NA	[12.01066,-83.766037]		Location
Eluefields	Eluefields	NA	NA	[12.01066,-83.766037]		Location
Grenada	Grenada	NA	Grenada	[12.1165,-61.679]		Country
Managua	Managua	NA	NA	[12.136389,-86.251389]		Location
Curacoa	Curacoa	NA	Curacoa	[12.16957,-68.99002]		Country
Cambodia	Cambodia	NA	Cambodia	[12.565679,104.990963]		Country
Kampuchea	Kampuchea	NA	Kampuchea	[12.565679,104.990963]		Country
Central America	Central America	NA	NA	[12.769013,-85.602364]		Region
Central American	Central American	NA	NA	[12.769013,-85.602364]		Region
Greater Republic of Central America	Greater Republic of Central America	NA	NA	[12.769013,-85.602364]		Region
Sudan	Sudan	NA	Sudan	[12.862807,30.217636]		Country
Nicaragua	Nicaragua	NA	Nicaragua	[12.865416,-85.207229]		Country
NICARAGUA	NICARAGUA	NA	NICARAGUA	[12.865416,-85.207229]		Country
Nicaragua	Nicaragua	NA	Nicaragua	[12.865416,-85.207229]		Country
NICARAGUA	NICARAGUA	NA	NICARAGUA	[12.865416,-85.207229]		Country
Nicaragua	Nicaragua	NA	Nicaragua	[12.865416,-85.207229]		Country
Philippine	Philippine	NA	Philippine	[12.879721,121.774017]		Country
Philippine Archipelago	Philippine Archipelago	NA	Philippine Archipelago	[12.879721,121.774017]		Country
Philippine Islands	Philippine Islands	NA	Philippine Islands	[12.879721,121.774017]		Country
Philippines	Philippines	NA	Philippines	[12.879721,121.774017]		Country
Atlantic	Atlantic	NA	NA	[12.897489,-31.999513]		Ocean
ATLANTIC	ATLANTIC	NA	NA	[12.897489,-31.999513]		Ocean
Atlantic	Atlantic	NA	NA	[12.897489,-31.999513]		Ocean
ATLANTIC	ATLANTIC	NA	NA	[12.897489,-31.999513]		Ocean
Atlantic	Atlantic	NA	NA	[12.897489,-31.999513]		Ocean
Atlantic Ocean	Atlantic Ocean	NA	NA	[12.897489,-31.999513]		Ocean
Atlantic Sea	Atlantic Sea	NA	NA	[12.897489,-31.999513]		Ocean
St. Lawrence Bay	St. Lawrence Bay	NA	NA	[13.068412,-59.57594]		Region
St. Michael	St. Michael	NA	NA	[13.113222,-59.598809]		Location
Barbados	Barbados	NA	Barbados	[13.193887,-59.543198]		Country
Amapala	Amapala	NA	NA	[13.292222,-87.653889]		Location
Guam	Guam	NA	Guam	[13.444304,144.793731]		Country
West Africa	West Africa	NA	NA	[13.531665,-2.460415]		Region
San Salvador	San Salvador	NA	NA	[13.706881,-89.20181]		Location
Thai-Cambodian	Thai-Cambodian	NA	NA	[13.722449,102.511911]		Region
Bangkok	Bangkok	NA	NA	[13.727896,100.524123]		Location
Batangas	Batangas	NA	NA	[13.756465,121.058308]		Location
Republic of Salvador	Republic of Salvador	NA	Republic of Salvador	[13.794185,-88.89653]		Country
Salvadorean	Salvadorean	NA	Salvadorean	[13.794185,-88.89653]		Country
El Salvador	El Salvador	NA	El Salvador	[13.794185,-88.89653]		Country
Mosquito Strip	Mosquito Strip	NA	NA	[14.0309403,-82.6755523]		Region
Indo-china	Indo-china	NA	Indo-china	[14.058324,108.277199]		Country
Indochina	Indochina	NA	Indochina	[14.058324,108.277199]		Country
North Vietnam	North Vietnam	NA	North Vietnam	[14.058324,108.277199]		Country
South Viet-Nam	South Viet-Nam	NA	South Viet-Nam	[14.058324,108.277199]		Country
South Vietnam	South Vietnam	NA	South Vietnam	[14.058324,108.277199]		Country
Viet-Nam	Viet-Nam	NA	Viet-Nam	[14.058324,108.277199]		Country
Vietnam	Vietnam	NA	Vietnam	[14.058324,108.277199]		Country
Champerico	Champerico	NA	NA	[14.293,-91.914]		Location
San Pedro	San Pedro	NA	NA	[14.364722,121.055556]		Location
Darfur	Darfur	NA	NA	[14.378275,24.904221]		Region
Corregidor	Corregidor	NA	NA	[14.386728,120.576835]		Location
Corregidor Island	Corregidor Island	NA	NA	[14.386728,120.576835]		Location
Cavite	Cavite	NA	NA	[14.47913,120.896963]		Location
San Jose de Guatemala	San Jose de Guatemala	NA	NA	[14.541961,-90.543214]		Location
West Point	West Point	NA	NA	[41.391483,-73.955972]		Location
Malaya	Malaya	NA	Malaya	[14.63485,121.056048]		Country
Bataan	Bataan	NA	NA	[14.641684,120.481845]		Location
Asia Pacific	Asia Pacific	NA	NA	[23.424957, 131.319520]		Region
Asia-Pacific	Asia-Pacific	NA	NA	[23.424957, 131.319520]		Region
Subig Bay	Subig Bay	NA	NA	[14.791058,120.239734]		Location
Olongapo	Olongapo	NA	NA	[14.83863,120.284202]		Location
Eastern Caribbean	Eastern Caribbean	NA	NA	[15,-68]		Region
Northern Mariana Islands	Northern Mariana Islands	NA	Northern Mariana Islands	[15.0979,145.6739]		Country
Saipan	Saipan	NA	Saipan	[15.177801,145.750967]		Country
Honduras	Honduras	NA	Honduras	[15.199999,-86.241905]		Country
Sana'a	Sana'a	NA	NA	[15.352029,44.207456]		Location
Dominica	Dominica	NA	Dominica	[15.414999,-61.370976]		Country
Chad	Chad	NA	Chad	[15.454166,18.732207]		Country
China Sea	China Sea	NA	NA	[15.488092,114.404754]		Ocean
South China Sea	South China Sea	NA	NA	[15.488092,114.404754]		Ocean
Yemen	Yemen	NA	Yemen	[15.552727,48.516388]		Country
Sarstoon	Sarstoon	NA	NA	[15.69027,-89.57969]		Location
Aves Island	Aves Island	NA	Aves Island	[15.693807,-63.651441]		Country
Guatemala	Guatemala	NA	Guatemala	[15.783471,-90.230759]		Country
Thai	Thai	NA	Thai	[15.870032,100.992541]		Country
Siam	Siam	NA	Siam	[15.870032,100.992541]		Country
Thailand	Thailand	NA	Thailand	[15.870032,100.992541]		Country
Cape Verde Islands	Cape Verde Islands	NA	Cape Verde Islands	[16,-24]		Country
Cape Honduras	Cape Honduras	NA	NA	[16.016667,-86.016667]		Location
Utila	Utila	NA	NA	[16.09496,-86.927353]		Location
Tehuantepec	Tehuantepec	NA	NA	[16.324444,-95.238889]		Location
Bay Islands	Bay Islands	NA	NA	[16.352608,-86.489546]		Region
Luzon	Luzon	NA	NA	[16.566232,121.262637]		Location
Rangoon	Rangoon	NA	NA	[16.8,96.15]		Location
Acapulco	Acapulco	NA	NA	[16.863794,-99.881614]		Location
Balize	Balize	NA	Balize	[17.189877,-88.49765]		Country
Mali	Mali	NA	Mali	[17.570692,-3.996166]		Country
St. Croix	St. Croix	NA	St. Croix	[45.5689,-67.4297]		Location
island of St. Croix	island of St. Croix	NA	NA	[17.739722,-64.738889]		Location
Guanica	Guanica	NA	NA	[17.969631,-66.910939]		Location
Guayama	Guayama	NA	NA	[17.984133,-66.113777]		Location
British Islands	British Islands	NA	NA	[55.378051,-3.435973]		Location
Antilles	Antilles	NA	NA	[18,-70]		Region
Ponce	Ponce	NA	NA	[18.011077,-66.614062]		Location
Spanish Antilles	Spanish Antilles	NA	NA	[18.022606,-63.059996]		Region
Coamo	Coamo	NA	NA	[18.078736,-66.358706]		Location
Guasacualco River	Guasacualco River	NA	NA	[18.082148,-94.416923]		Region
Pedernales River	Pedernales River	NA	NA	[18.098078,-71.73741]		Region
Jamaica	Jamaica	NA	Jamaica	[18.109581,-77.297508]		Country
Porto Rican	Porto Rican	NA	Porto Rican	[18.220833,-66.590149]		Country
Porto Rico	Porto Rico	NA	Porto Rico	[18.220833,-66.590149]		Country
Puerto Rico	Puerto Rico	NA	Puerto Rico	[18.220833,-66.590149]		Country
Culebra	Culebra	NA	NA	[18.303012,-65.300991]		Location
St. Thomas	St. Thomas	NA	NA	[18.335361,-64.953401]		Location
Virgin Islands	Virgin Islands	NA	Virgin Islands	[18.335765,-64.896335]		Country
San Juan	San Juan	NA	NA	[18.466334,-66.105722]		Location
San Juan de Puerto Rico	San Juan de Puerto Rico	NA	NA	[18.466334,-66.105722]		Location
Santo Domingo	Santo Domingo	NA	NA	[18.5,-69.983333]		Location
Ozama	Ozama	NA	NA	[18.514648,-69.872614]		Location
Ozama River	Ozama River	NA	NA	[18.516726,-69.89748]		Region
Port-au-Prince	Port-au-Prince	NA	NA	[18.539269,-72.336408]		Location
Dominican	Dominican	NA	Dominican	[18.735693,-70.162651]		Country
Dominican Republic	Dominican Republic	NA	Dominican Republic	[18.735693,-70.162651]		Country
San Domingo	San Domingo	NA	San Domingo	[18.735693,-70.162651]		Country
Haiti	Haiti	NA	Haiti	[18.971187,-72.285215]		Country
HAITI	HAITI	NA	HAITI	[18.971187,-72.285215]		Country
Haiti	Haiti	NA	Haiti	[18.971187,-72.285215]		Country
Hayti	Hayti	NA	Hayti	[18.971187,-72.285215]		Country
Haytian	Haytian	NA	Haytian	[18.971187,-72.285215]		Country
St. Domingo	St. Domingo	NA	St. Domingo	[18.971187,-72.285215]		Country
Puebla	Puebla	NA	NA	[19.041297,-98.2062]		Location
Audiencia	Audiencia	NA	NA	[19.109364,-104.34606]		0
Wake Island	Wake Island	NA	Wake Island	[19.282319,166.647047]		Country
Mexican	Mexican	NA	Mexican	[19.432608,-99.133208]		Country
Mexican Republic	Mexican Republic	NA	Mexican Republic	[19.432608,-99.133208]		Country
Mexican States	Mexican States	NA	Mexican States	[19.432608,-99.133208]		Country
Mexico	Mexico	NA	Mexico	[19.432608,-99.133208]		Country
MEXICO	MEXICO	NA	MEXICO	[19.432608,-99.133208]		Country
Mexico	Mexico	NA	Mexico	[19.432608,-99.133208]		Country
MEXICO	MEXICO	NA	MEXICO	[19.432608,-99.133208]		Country
Mexico	Mexico	NA	Mexico	[19.432608,-99.133208]		Country
MEXICO	MEXICO	NA	MEXICO	[19.432608,-99.133208]		Country
Mexico	Mexico	NA	Mexico	[19.432608,-99.133208]		Country
Republic of Mexico	Republic of Mexico	NA	Republic of Mexico	[19.432608,-99.133208]		Country
United Mexican States	United Mexican States	NA	United Mexican States	[19.432608,-99.133208]		Country
United Republics of Mexico	United Republics of Mexico	NA	United Republics of Mexico	[19.432608,-99.133208]		Country
Mexico City	Mexico City	NA	NA	[19.432608,-99.133208]		Location
United States of Mexico	United States of Mexico	NA	United States of Mexico	[19.432608,-99.133208]		Country
Philippine Sea	Philippine Sea	NA	NA	[19.491411,132.55096]		Ocean
Arabian Peninsula	Arabian Peninsula	NA	NA	[19.491411,47.44904]		Region
Jalapa	Jalapa	NA	NA	[19.530476,-96.909131]		Location
Yangtsun	Yangtsun	NA	NA	[19.84436,99.132049]		Location
Laos	Laos	NA	Laos	[19.85627,102.495496]		Country
Hawaii	Hawaii	Hawaii	NA	[19.896766,-155.582782]		State
HAWAII	HAWAII	HAWAII	NA	[19.896766,-155.582782]		State
Hawaii	Hawaii	Hawaii	NA	[19.896766,-155.582782]		State
Hawaiian Islands	Hawaiian Islands	Hawaiian Islands	NA	[19.896766,-155.582782]		State
Hawaiian Kingdom	Hawaiian Kingdom	Hawaiian Kingdom	NA	[19.896766,-155.582782]		State
Hawaiian Republic	Hawaiian Republic	Hawaiian Republic	NA	[19.896766,-155.582782]		State
Sandwich Islands	Sandwich Islands	Sandwich Islands	NA	[19.896766,-155.582782]		State
Caimanera	Caimanera	NA	NA	[19.991135,-75.153079]		Location
Yedo	Yedo	NA	NA	[35.689444,139.691667]		Location
Pacific Basin	Pacific Basin	NA	NA	[20,-140]		Region
Guantanamo	Guantanamo	NA	NA	[20.021165,-75.113672]		Location
Guantanamo Bay	Guantanamo Bay	NA	NA	[20.021165,-75.113672]		Location
Santiago de Cuba	Santiago de Cuba	NA	NA	[20.028891,-75.828987]		Location
Santiago Harbor	Santiago Harbor	NA	NA	[20.028891,-75.828987]		Location
Guadalupe Hidalgo	Guadalupe Hidalgo	NA	NA	[20.295748,-99.76468]		Location
Queretaro	Queretaro	NA	NA	[20.588793,-100.389888]		Location
India	India	NA	India	[20.593684,78.96288]		Country
india	india	NA	india	[20.593684,78.96288]		Country
India	India	NA	India	[20.593684,78.96288]		Country
Western Pacific	Western Pacific	NA	NA	[20.632784,154.980462]		Ocean
Guanajuato	Guanajuato	NA	NA	[21.018111,-101.25832]		Location
Hanoi	Hanoi	NA	NA	[21.033333,105.85]		Location
Cancun	Cancun	NA	NA	[21.161908,-86.851528]		Location
mid-Pacific	mid-Pacific	NA	NA	[21.303358,-157.817112]		Location
Honolulu	Honolulu	NA	NA	[21.306944,-157.858333]		Location
Pearl Harbor	Pearl Harbor	NA	NA	[21.350123,-157.949382]		Location
Caribbean	Caribbean	NA	NA	[21.469114,-78.656894]		Region
Caribbean Basin	Caribbean Basin	NA	NA	[21.469114,-78.656894]		Region
Caribbean Sea	Caribbean Sea	NA	NA	[21.469114,-78.656894]		Region
West India	West India	NA	NA	[21.469114,-78.656894]		Region
West India Islands	West India Islands	NA	NA	[21.469114,-78.656894]		Region
West Indies	West Indies	NA	NA	[21.469114,-78.656894]		Region
Spanish West Indies	Spanish West Indies	NA	NA	[21.469114,-78.656894]		Region
Tepic	Tepic	NA	NA	[21.504165,-104.894589]		Location
Cuba	Cuba	NA	Cuba	[21.521757,-77.781167]		Country
CUBA	CUBA	NA	CUBA	[21.521757,-77.781167]		Country
Cuba	Cuba	NA	Cuba	[21.521757,-77.781167]		Country
Cuban	Cuban	NA	Cuban	[21.521757,-77.781167]		Country
Americas	Americas	NA	NA	[21.657428,-94.797364]		Region
Western Hemisphere	Western Hemisphere	NA	NA	[21.657428,-94.797364]		Region
Caicos Islands	Caicos Islands	NA	NA	[21.712127,-71.619869]		Region
El Caney	El Caney	NA	NA	[21.715137,-79.614415]		Location
Burma	Burma	NA	Burma	[21.913965,95.956223]		Country
Cienfuegos	Cienfuegos	NA	NA	[22.149969,-80.44368]		Location
Tung Chow	Tung Chow	NA	NA	[22.192841,114.142614]		Location
Hong Kong	Hong Kong	NA	NA	[22.396428,114.109497]		Location
Hongkong	Hongkong	NA	NA	[22.396428,114.109497]		Location
North China	North China	NA	NA	[22.500908,114.155826]		Location
Mirs Bay	Mirs Bay	NA	NA	[22.560317,114.447038]		Location
Bahia Honda	Bahia Honda	NA	NA	[22.904409,-83.162903]		Location
Matanzas	Matanzas	NA	NA	[23.051111,-81.575278]		Location
Habana	Habana	NA	NA	[23.1168,-82.388557]		Location
Havana	Havana	NA	NA	[23.1168,-82.388557]		Location
Canton	Canton	NA	NA	[23.129163,113.264435]		Location
Canton River	Canton River	NA	NA	[23.129163,113.264435]		Location
North Africa	North Africa	NA	NA	[23.416203,25.66283]		Region
Muscat	Muscat	NA	NA	[23.61,58.54]		Location
Taiwan	Taiwan	NA	Taiwan	[23.69781,120.960515]		Country
Formosa	Formosa	NA	Formosa	[23.69781,120.960515]		Country
Sahara	Sahara	NA	NA	[23.803497,11.291889]		region
Saudi	Saudi	NA	Saudi	[23.885942,45.079162]		Country
Saudi Arabia	Saudi Arabia	NA	Saudi Arabia	[23.885942,45.079162]		Country
Durango	Durango	NA	NA	[24.02772,-104.653176]		Location
Western Sahara	Western Sahara	NA	Western Sahara	[24.215527,-12.885834]		Country
Tamaulipas	Tamaulipas	NA	NA	[24.26694,-98.836275]		Location
Key West	Key West	NA	NA	[24.555059,-81.779987]		Location
Riyadh	Riyadh	NA	NA	[24.711667,46.724167]		Location
Iwo Jima	Iwo Jima	NA	NA	[24.774024,141.327285]		Location
Bahama Islands	Bahama Islands	NA	Bahama Islands	[25.03428,-77.39628]		Country
Bahamas	Bahamas	NA	Bahamas	[25.03428,-77.39628]		Country
South Asia	South Asia	NA	NA	[25.03764,76.456309]		Region
Doha	Doha	NA	NA	[25.280282,51.522476]		Location
Bravo	Bravo	NA	NA	[25.280305,-100.017464]		Location
Gulf of Mexico	Gulf of Mexico	NA	NA	[25.304304,-90.065918]		Ocean
Qatar	Qatar	NA	Qatar	[25.354826,51.183884]		Country
New Leon	New Leon	NA	NA	[25.592172,-99.996195]		Location
Cape Florida	Cape Florida	NA	NA	[25.665659,-80.157825]		Location
Monterey	Monterey	NA	NA	[25.673211,-100.309201]		Location
Coral Gables	Coral Gables	NA	NA	[25.72149,-80.268384]		Location
Tlatelolco	Tlatelolco	NA	NA	[25.743629,-100.36381]		Location
Florida Everglades	Florida Everglades	NA	NA	[25.858244,-81.385069]		Region
Everglades	Everglades	NA	NA	[25.858244,-81.385069]		Region
Resaca de la Palma	Resaca de la Palma	NA	NA	[25.946709,-97.486321]		Location
Bahrain	Bahrain	NA	Bahrain	[26.0667,50.5577]		Country
Fuchau	Fuchau	NA	NA	[26.074508,119.296494]		Location
Okinawa	Okinawa	NA	NA	[26.212401,127.680932]		Location
Rio Hondo	Rio Hondo	NA	NA	[26.235352,-97.581932]		Location
Libya	Libya	NA	Libya	[26.3351,17.228331]		Country
Tacubaya	Tacubaya	NA	NA	[26.411913,-99.02407]		Location
Lew Chew Islands	Lew Chew Islands	NA	NA	[26.5,128]		Region
Kutien	Kutien	NA	NA	[26.577837,118.746284]		Location
Egypt	Egypt	NA	Egypt	[26.820553,30.802498]		Country
Coahuila	Coahuila	NA	NA	[27.058676,-101.706829]		Location
Hormuz	Hormuz	NA	NA	[27.05927,56.460792]		Location
Rio Bravo	Rio Bravo	NA	NA	[27.364189,-99.480042]		Location
Gulf	Gulf	NA	NA	[27.383959,52.735516]		Region
Persian Gulf	Persian Gulf	NA	NA	[27.383959,52.735516]		Region
PERSIAN GULF	PERSIAN GULF	NA	NA	[27.383959,52.735516]		Region
Persian Gulf	Persian Gulf	NA	NA	[27.383959,52.735516]		Region
Kay Verde	Kay Verde	NA	NA	[27.544378,-99.496017]		Location
East Florida	East Florida	East Florida	NA	[27.664827,-81.515754]		State
Fla.	Fla.	Fla.	NA	[27.664827,-81.515754]		State
Florida	Florida	Florida	NA	[27.664827,-81.515754]		State
Territories of Florida	Territories of Florida	Territories of Florida	NA	[27.664827,-81.515754]		State
West Florida	West Florida	West Florida	NA	[29.725768,-84.983244]		Region
Nueces	Nueces	NA	NA	[27.769335,-97.481416]		Location
Corpus Christi	Corpus Christi	NA	NA	[27.800583,-97.396381]		Location
Tampa	Tampa	NA	NA	[27.950575,-82.457178]		Location
Everest	Everest	NA	NA	[27.985818,86.923596]		Location
Lower California	Lower California	NA	NA	[28,-113.5]		Region
Barbary States	Barbary States	NA	Barbary States	[28.033886,1.659626]		Country
Barbary Powers	Barbary Powers	NA	Barbary Powers	[28.033886,1.659626]		Country
coast of Barbary	coast of Barbary	NA	coast of Barbary	[28.033886,1.659626]		Country
Algeria	Algeria	NA	Algeria	[28.033886,1.659626]		Country
Chilkoot	Chilkoot	NA	NA	[28.044949,-82.400353]		Location
Hunan	Hunan	NA	NA	[28.112444,112.98381]		Region
Midway Island	Midway Island	NA	NA	[28.210076,-177.37611]		Location
Gulf Coast	Gulf Coast	NA	NA	[28.468605,-96.873039]		Region
States of Florida	States of Florida	States of Florida	NA	[28.526736,-80.782433]		State
Orlando	Orlando	NA	NA	[28.538336,-81.379236]		Location
Greater Republic	Greater Republic	NA	NA	[12.769013,-85.602364]		Location
British West India	British West India	NA	NA	[21.469114,-78.656894]		Location
Chihuahua	Chihuahua	NA	NA	[28.632996,-106.0691]		Region
Eagle Pass	Eagle Pass	NA	NA	[28.709143,-100.499521]		Location
Seminole	Seminole	NA	NA	[28.713169,-81.207816]		Location
Rio Grande River	Rio Grande River	NA	NA	[28.810112,-101.837177]		Region
South Pass	South Pass	NA	NA	[42.37,-108.913611]		Location
Rio Grande	Rio Grande	NA	NA	[29.127487,-103.242538]		Region
Curtis Bay Pier	Curtis Bay Pier	NA	NA	[29.213293,-81.022492]		Location
Middle Eastern	Middle Eastern	NA	NA	[29.298528,42.55096]		Region
Southwest Asia	Southwest Asia	NA	NA	[29.298528,42.55096]		Region
Southwest Asian	Southwest Asian	NA	NA	[29.298528,42.55096]		Location
Galveston	Galveston	NA	NA	[29.301348,-94.797696]		Location
Galvezton	Galvezton	NA	NA	[29.301348,-94.797696]		Location
Kuwait	Kuwait	NA	Kuwait	[29.31166,47.481766]		Country
San Antonio	San Antonio	NA	NA	[29.424122,-98.493628]		Location
Sitana	Sitana	NA	NA	[29.449149,76.898758]		Location
Dixie	Dixie	NA	NA	[33.897777,-85.255738]		Location
Presquille	Presquille	NA	NA	[42.16094,-80.117634]		Location
Morgan City	Morgan City	NA	NA	[29.699375,-91.20677]		Location
French Chambers	French Chambers	NA	NA	[29.700329,-94.363599]		Location
Atchafalaya River	Atchafalaya River	NA	NA	[29.748749,-91.202521]		Location
Houston	Houston	NA	NA	[29.760193,-95.36939]		Location
St. Augustine	St. Augustine	NA	NA	[29.894264,-81.313208]		Location
Confederated States	Confederated States	NA	NA	[29.943268,-90.071443]		Location
Arab States	Arab States	NA	NA	[29.978765,31.27962]		Region
Sabine River	Sabine River	NA	NA	[29.985556, -93.790556]		Region
Africa	Africa	NA	NA	[3.162456,23.496087]		Continent
Africans	Africans	NA	NA	[3.162456,23.496087]		Continent
Black Africa	Black Africa	NA	NA	[3.162456,23.496087]		Continent
New Orleans	New Orleans	NA	NA	[30.030679,-90.063304]		Location
Gulf States	Gulf States	NA	NA	[30.039017,-93.867016]		Region
Cairo	Cairo	NA	NA	[30.04442,31.235712]		Location
Bayou Pierre	Bayou Pierre	NA	NA	[30.1277,-89.218929]		Location
Lake Pontchartrain	Lake Pontchartrain	NA	NA	[30.205062,-90.11207]		Location
Lake PontChartrain	Lake PontChartrain	NA	NA	[30.205062,-90.11207]		Location
Ship Island	Ship Island	NA	NA	[30.211137,-88.964126]		Location
Lafayette	Lafayette	NA	NA	[30.22409,-92.019843]		Location
Dauphin Island	Dauphin Island	NA	NA	[30.270335,-88.168716]		Location
Dauphine Island	Dauphine Island	NA	NA	[30.270335,-88.168716]		Location
Pakistan	Pakistan	NA	Pakistan	[30.375321,69.345116]		Country
East China Sea	East China Sea	NA	NA	[30.395346,125.915207]		Ocean
Barbaretta	Barbaretta	NA	NA	[30.43664,-88.860324]		Location
Pflugerville	Pflugerville	NA	NA	[30.43937,-97.620004]		Location
Baton Rouge	Baton Rouge	NA	NA	[30.458283,-91.14032]		Location
Jordan	Jordan	NA	Jordan	[30.585164,36.238414]		Country
Hankow	Hankow	NA	NA	[30.593099,114.305393]		Location
Muscogee	Muscogee	NA	NA	[30.6,-87.4]		Location
Yangtse Valley	Yangtse Valley	NA	NA	[30.616426,114.300947]		Location
Amelia Island	Amelia Island	NA	NA	[30.62657,-81.460856]		Location
Szechuen	Szechuen	NA	NA	[30.651652,104.075931]		Location
McDuffie Island	McDuffie Island	NA	NA	[30.656302,-88.038053]		Location
Cedar Valley	Cedar Valley	NA	NA	[30.661301,-98.453415]		Location
Shanghai River	Shanghai River	NA	NA	[30.786452,121.085301]		Location
El Alamein	El Alamein	NA	NA	[30.82247,28.954309]		Location
Suez Canal	Suez Canal	NA	NA	[30.840842,32.32634]		Location
Perdido	Perdido	NA	NA	[31.007682,-87.627209]		Location
Israel	Israel	NA	Israel	[31.046051,34.851612]		Country
Israeli	Israeli	NA	Israeli	[31.046051,34.851612]		Country
Middle East	Middle East	NA	NA	[31.203405,42.524412]		Region
Near East	Near East	NA	NA	[31.203405,42.524412]		Region
Shanghai	Shanghai	NA	NA	[31.230416,121.473701]		Location
Louisian	Louisian	Louisian	NA	[31.244823,-92.145024]		State
Louisiana	Louisiana	Louisiana	NA	[31.244823,-92.145024]		State
Agua Prieta	Agua Prieta	NA	NA	[31.322085,-109.541316]		Location
Hattiesburg	Hattiesburg	NA	NA	[31.327119,-89.290339]		Location
San Pedro River	San Pedro River	NA	NA	[31.393431,-110.107755]		Location
Douglas	Douglas	NA	NA	[31.508807,-82.849865]		Location
Gaza	Gaza	NA	NA	[31.522561,34.453593]		Location
Natchez	Natchez	NA	NA	[31.560444,-91.403171]		Location
Chiricahua Apaches	Chiricahua Apaches	NA	NA	[31.592321,-109.240617]		Location
Nacogdoches	Nacogdoches	NA	NA	[31.603513,-94.655487]		Location
Juarez	Juarez	NA	NA	[31.697526,-106.443174]		Location
Mannah River	Mannah River	NA	NA	[31.714346,70.006025]		Location
Santa Anna	Santa Anna	NA	NA	[31.742093,-99.321725]		Location
Jerusalem	Jerusalem	NA	NA	[31.768319,35.21371]		Location
El Paso	El Paso	NA	NA	[31.769956,-106.496805]		Location
Morocco	Morocco	NA	Morocco	[31.791702,-7.09262]		Country
MOROCCO	MOROCCO	NA	MOROCCO	[31.791702,-7.09262]		Country
Morocco	Morocco	NA	Morocco	[31.791702,-7.09262]		Country
Ramallah	Ramallah	NA	NA	[31.904932,35.204442]		Location
Palestine	Palestine	NA	Palestine	[31.952162,35.233154]		Country
Palestinian	Palestinian	NA	Palestinian	[31.952162,35.233154]		Country
Palestinian Territories	Palestinian Territories	NA	Palestinian Territories	[31.952162,35.233154]		Country
Palestinians	Palestinians	NA	Palestinians	[31.952162,35.233154]		Country
Tex	Tex	Tex	NA	[31.968599,-99.901813]		State
Tex.	Tex.	Tex.	NA	[31.968599,-99.901813]		State
Texas	Texas	Texas	NA	[31.968599,-99.901813]		State
Tybee Island	Tybee Island	NA	NA	[32.000215,-80.845666]		Location
Nanking	Nanking	NA	NA	[32.056839,118.77896]		Location
Sonora	Sonora	NA	NA	[32.062199,-114.971922]		Location
Pacific Slope	Pacific Slope	NA	NA	[32.075669,-104.70495]		Location
Savannah	Savannah	NA	NA	[32.083541,-81.099834]		Location
Georgia	Georgia	Georgia	NA	[32.157435,-82.907123]		State
Ga.	Ga.	Ga.	NA	[32.157435,-82.907123]		State
Clark Field	Clark Field	NA	NA	[32.21525,-98.178247]		Location
Tucson	Tucson	NA	NA	[32.221743,-110.926479]		Location
Vicksburg National Park	Vicksburg National Park	NA	NA	[32.2992,-90.859]		Location
Bermuda	Bermuda	NA	Bermuda	[32.3078,-64.7505]		Country
Alabama	Alabama	Alabama	NA	[32.318231,-86.902298]		State
Port Royal	Port Royal	NA	NA	[32.379084,-80.692607]		Location
Selma	Selma	NA	NA	[32.407359,-87.021101]		Location
Tallulah	Tallulah	NA	NA	[32.408477,-91.186777]		Location
Iran	Iran	NA	Iran	[32.427908,53.688046]		Country
Islamic Republic of Iran	Islamic Republic of Iran	NA	Islamic Republic of Iran	[32.427908,53.688046]		Country
Persia	Persia	NA	Persia	[32.427908,53.688046]		Country
Tuskegee	Tuskegee	NA	NA	[32.430237,-85.707727]		Location
North German Union	North German Union	NA	North German Union	[51.339696,12.373075]		Country
Anbar	Anbar	NA	NA	[32.559761,41.919647]		Region
Anbar Province	Anbar Province	NA	NA	[32.559761,41.919647]		Region
Mississippi Valley	Mississippi Valley	NA	NA	[32.630227,-90.86313]		Region
San Diego	San Diego	NA	NA	[32.715329,-117.157255]		Location
Arlington	Arlington	NA	NA	[38.87706,-77.075484]		Location
ARLINGTON	ARLINGTON	NA	NA	[38.87706,-77.075484]		Location
Arlington	Arlington	NA	NA	[38.87706,-77.075484]		Location
Arlington Cemetery	Arlington Cemetery	NA	NA	[38.87706,-77.075484]		Location
Imperial Valley	Imperial Valley	NA	NA	[32.737548,-114.963301]		Region
Fort Sumter	Fort Sumter	NA	NA	[32.752348,-79.874692]		Location
Derne	Derne	NA	NA	[32.763821,22.63924]		Location
Castle Pinckney	Castle Pinckney	NA	NA	[32.773646,-79.910923]		Location
Charleston	Charleston	NA	NA	[32.776566,-79.930922]		Location
Dallas	Dallas	NA	NA	[32.78014,-96.800451]		Location
Red River	Red River	NA	NA	[32.785572,-95.773557]		Region
Sail Diego	Sail Diego	NA	NA	[32.788514,-117.244831]		Location
Cyrenaica	Cyrenaica	NA	NA	[32.825, 21.858056]		Location
Ocmulgee	Ocmulgee	NA	NA	[32.829802,-83.603804]		Location
Pine Mountain	Pine Mountain	NA	NA	[32.864852,-84.854098]		Location
Tripoli	Tripoli	NA	NA	[32.876174,13.187507]		Location
Gila	Gila	NA	NA	[32.964657,-108.577569]		Location
Gila River	Gila River	NA	NA	[33.190168,-112.598134]		Location
Iraq	Iraq	NA	Iraq	[33.223191,43.679291]		Country
Iraqi	Iraqi	NA	Iraqi	[33.223191,43.679291]		Country
Pecos River Reserve	Pecos River Reserve	NA	NA	[33.291089,-112.117309]		Location
Baghdad	Baghdad	NA	NA	[33.325,44.422]		Location
Fallujah	Fallujah	NA	NA	[33.35,43.783333]		Location
Upper Mississippi	Upper Mississippi	NA	NA	[33.381174,-89.887054]		Region
Coosa River	Coosa River	NA	NA	[33.381502,-85.850042]		Location
San Clemente	San Clemente	NA	NA	[33.426973,-117.611992]		Location
Phoenix	Phoenix	NA	NA	[33.448377,-112.074037]		Location
Boulder Canyon	Boulder Canyon	NA	NA	[33.47539,-111.675395]		Location
Atlantic States	Atlantic States	NA	NA	[37.087082,-76.473012]		Region
South Atlantic States	South Atlantic States	NA	NA	[37.087082,-76.473012]		Region
Damascus	Damascus	NA	NA	[33.5111,36.3064]		Location
Birmingham	Birmingham	NA	NA	[33.520661,-86.80249]		Location
Casablanca	Casablanca	NA	NA	[33.533333,-7.583333]		Location
Aana	Aana	NA	NA	[33.692536,35.761227]		Location
San Francisco Mountains	San Francisco Mountains	NA	NA	[33.704221,-108.964792]		Location
Atlanta	Atlanta	NA	NA	[33.748995,-84.387982]		Location
San Jacinto	San Jacinto	NA	NA	[33.773408,-116.957616]		Location
Harbor	Harbor	NA	NA	[33.779981,-118.287743]		Location
Arkansas River	Arkansas River	NA	NA	[33.782079,-91.101742]		Location
Arkansas Valley	Arkansas Valley	NA	NA	[33.782079,-91.101742]		Location
South Carolina	South Carolina	South Carolina	NA	[33.836081,-81.163724]		State
S.C.	S.C.	S.C.	NA	[33.836081,-81.163724]		State
Pacific Coast	Pacific Coast	NA	NA	[33.854284,-118.390159]		Region
Lebanon	Lebanon	NA	Lebanon	[33.854721,35.862285]		Country
Lebanese	Lebanese	NA	Lebanese	[33.854721,35.862285]		Country
Tunisia	Tunisia	NA	Tunisia	[33.886917,9.537499]		Country
Beirut	Beirut	NA	NA	[33.888629,35.495479]		Location
South	South	NA	NA	[33.897777,-85.255738]		Region
Southern States	Southern States	NA	NA	[33.897777,-85.255738]		Region
French North Africa	French North Africa	NA	NA	[28.033886,1.659626]		Location
Watts	Watts	NA	NA	[33.938636,-118.238043]		Location
Afghan	Afghan	NA	Afghan	[33.93911,67.709953]		Country
Afghanistan	Afghanistan	NA	Afghanistan	[33.93911,67.709953]		Country
Perthshire	Perthshire	NA	NA	[]		Region
Whittier	Whittier	NA	NA	[33.979179,-118.032844]		Location
Asia	Asia	NA	NA	[34.047863,100.619655]		Continent
Asian	Asian	NA	NA	[34.047863,100.619655]		Continent
Asiatic	Asiatic	NA	NA	[34.047863,100.619655]		Continent
Far East	Far East	NA	NA	[34.047863,100.619655]		Continent
East Asia	East Asia	NA	NA	[34.047863,100.619655]		Continent
Eastern Asia	Eastern Asia	NA	NA	[34.047863,100.619655]		Continent
Far Eastern	Far Eastern	NA	NA	[34.047863,100.619655]		Continent
Arizona	Arizona	Arizona	NA	[34.048928,-111.093731]		State
ARIZONA	ARIZONA	ARIZONA	NA	[34.048928,-111.093731]		State
Arizona	Arizona	Arizona	NA	[34.048928,-111.093731]		State
Los Angeles	Los Angeles	NA	NA	[34.052234,-118.243685]		Location
Our Lady of Help in east Los Angeles	Our Lady of Help in east Los Angeles	NA	NA	[34.052234,-118.243685]		Location
Greet County	Greet County	NA	NA	[34.099002,-117.855407]		Location
Samarra	Samarra	NA	NA	[34.19421,43.874931]		Location
Navassa	Navassa	NA	NA	[34.255447,-78.007491]		Location
Shensi	Shensi	NA	NA	[34.265472,108.954239]		Location
Hot Springs	Hot Springs	NA	NA	[34.5037,-93.05518]		Location
Ricaree	Ricaree	NA	NA	[40.676575,-95.859362]		Location
New Mexico	New Mexico	New Mexico	NA	[34.51994,-105.87009]		State
Kabul	Kabul	NA	NA	[34.528455,69.171703]		Location
Mediterranean	Mediterranean	NA	NA	[34.553128,18.048011]		Ocean
Mediterranean Sea	Mediterranean Sea	NA	NA	[34.553128,18.048011]		Ocean
Santa Ynez	Santa Ynez	NA	NA	[34.614431,-120.079868]		Location
Seneca	Seneca	NA	NA	[34.685656,-82.953204]		Location
Kobe	Kobe	NA	NA	[34.690083,135.195511]		Location
Fort Sill	Fort Sill	NA	NA	[34.704559,-98.509009]		Location
Little Rock	Little Rock	NA	NA	[34.746481,-92.289595]		Location
Konia	Konia	NA	NA	[37.866667,32.483333]		Location
Syria	Syria	NA	Syria	[34.802075,38.996815]		Country
Syrian	Syrian	NA	Syrian	[34.802075,38.996815]		Country
Chickamauga	Chickamauga	NA	NA	[34.871188,-85.29079]		Location
North Atlantic	North Atlantic	NA	NA	[57.680660,-37.661133]		Region
Spartanburg	Spartanburg	NA	NA	[34.949567,-81.932048]		Location
Santa Maria	Santa Maria	NA	NA	[34.953034,-120.435719]		Location
Memphis	Memphis	NA	NA	[35.038725,-89.850501]		Location
Tennessee River	Tennessee River	NA	NA	[35.075112,-85.278714]		Region
Cyprus	Cyprus	NA	Cyprus	[35.126413,33.429859]		Country
Arctic Circle	Arctic Circle	NA	NA	[35.179615,-79.021571]		Region
Arkansas	Arkansas	Arkansas	NA	[35.20105,-91.831833]		State
Arkansaw	Arkansaw	Arkansaw	NA	[35.20105,-91.831833]		State
Hatteras	Hatteras	NA	NA	[35.219455,-75.690349]		Location
Charlotte	Charlotte	NA	NA	[35.227087,-80.843127]		Location
Elk Hills	Elk Hills	NA	NA	[35.28163,-119.444006]		Location
Pamlico Sound	Pamlico Sound	NA	NA	[35.382579,-75.853395]		Location
Cape Fear	Cape Fear	NA	NA	[35.425,-78.815]		Location
Yokohama	Yokohama	NA	NA	[35.443708,139.638026]		Location
Oklahoma	Oklahoma	Oklahoma	NA	[35.46756,-97.516428]		State
Oklahoma City	Oklahoma City	Oklahoma City	NA	[35.46756,-97.516428]		State
Yellow Sea	Yellow Sea	NA	NA	[35.494277,123.796461]		Ocean
Tennessee	Tennessee	Tennessee	NA	[35.517491,-86.580447]		State
Santa Fe	Santa Fe	NA	NA	[35.686975,-105.937799]		Location
Santa Fee	Santa Fee	NA	NA	[35.686975,-105.937799]		Location
Tokyo	Tokyo	NA	NA	[35.689488,139.691706]		Location
Old Point	Old Point	NA	NA	[37.000556,-76.311389]		Location
Teheran	Teheran	NA	NA	[35.696216,51.422945]		Location
Tehran	Tehran	NA	NA	[35.696216,51.422945]		Location
Tennessee Valley	Tennessee Valley	NA	NA	[35.757657,-84.72702]		Region
North Carolina	North Carolina	North Carolina	NA	[35.759573,-79.0193]		State
States of North Carolina	States of North Carolina	States of North Carolina	NA	[35.759573,-79.0193]		State
Tangier	Tangier	NA	NA	[35.766667,-5.8]		Location
Raleigh	Raleigh	NA	NA	[35.77959,-78.638179]		Location
Jonesboro	Jonesboro	NA	NA	[35.842297,-90.704279]		Location
Pensacola	Pensacola	NA	NA	[35.847892,-82.308181]		Location
China	China	NA	China	[35.86166,104.195397]		Country
CHINA	CHINA	NA	CHINA	[35.86166,104.195397]		Country
China	China	NA	China	[35.86166,104.195397]		Country
CHINA	CHINA	NA	CHINA	[35.86166,104.195397]		Country
China	China	NA	China	[35.86166,104.195397]		Country
Chinamen	Chinamen	NA	Chinamen	[35.86166,104.195397]		Country
Chinese	Chinese	NA	Chinese	[35.86166,104.195397]		Country
Chinese Empire	Chinese Empire	NA	Chinese Empire	[35.86166,104.195397]		Country
Mainland China	Mainland China	NA	Mainland China	[35.86166,104.195397]		Country
Empire of China	Empire of China	NA	Empire of China	[35.86166,104.195397]		Country
Chosenese	Chosenese	NA	Chosenese	[35.907757,127.766922]		Country
Korea	Korea	NA	Korea	[35.907757,127.766922]		Country
Korean	Korean	NA	Korean	[35.907757,127.766922]		Country
South Korea	South Korea	NA	South Korea	[35.907757,127.766922]		Country
Illinois River	Illinois River	NA	NA	[35.907919,-94.290674]		Region
Tahlequah	Tahlequah	NA	NA	[35.91537,-94.969956]		Location
Amistad	Amistad	NA	NA	[]		Location
Holston	Holston	NA	NA	[35.959167,-83.850278]		Location
Knoxville	Knoxville	NA	NA	[35.960638,-83.920739]		Location
Minneapolis	Minneapolis	NA	NA	[36.099292,-81.987061]		Location
Bay of Gibraltar	Bay of Gibraltar	NA	NA	[36.138798,-5.399965]		Location
Gibraltar	Gibraltar	NA	NA	[36.140751,-5.353585]		Location
Japan	Japan	NA	Japan	[36.204824,138.252924]		Country
Island Empire	Island Empire	NA	Island Empire	[36.204824,138.252924]		Country
Markham Ferry	Markham Ferry	NA	NA	[36.233427,-95.181908]		Location
Colorado River	Colorado River	NA	NA	[36.243085,-112.358718]		Region
Colorado Rivers	Colorado Rivers	NA	NA	[36.243085,-112.358718]		Region
Mosul	Mosul	NA	NA	[36.34,43.13]		Location
Indian Territory	Indian Territory	NA	NA	[36.368222,-96.881104]		Region
Gallatin	Gallatin	NA	NA	[36.388381,-86.44666]		Region
Moro Province	Moro Province	NA	NA	[6.916667,122.083333]		Region
Cadiz	Cadiz	NA	NA	[36.527061,-6.288596]		Location
Upper California	Upper California	NA	NA	[36.600238,-121.894676]		Region
Burma Road	Burma Road	NA	NA	[26.690638,96.211052]		Region
Tonkawa	Tonkawa	NA	NA	[36.678368,-97.310044]		Location
Mazar-e-Sharif	Mazar-e-Sharif	NA	NA	[36.70919,67.20849]		Location
Algiers	Algiers	NA	NA	[36.752887,3.042048]		Location
San Juan River	San Juan River	NA	NA	[36.755649,-107.918117]		Region
Chesapeake	Chesapeake	NA	NA	[36.768209,-76.287493]		Region
Chesapeake Bay	Chesapeake Bay	NA	NA	[36.768209,-76.287493]		Region
Cal	Cal	Cal	NA	[36.778261,-119.417932]		State
Cal.	Cal.	Cal.	NA	[36.778261,-119.417932]		State
California	California	California	NA	[36.778261,-119.417932]		State
Daiquiri	Daiquiri	NA	NA	[36.778301,-76.113494]		Location
Tunis	Tunis	NA	NA	[36.81881,10.16596]		Location
Mississippi	Mississippi	NA	NA	[36.844059,-89.227703]		Region
Norfolk	Norfolk	NA	NA	[36.850769,-76.285873]		Location
Craney Island	Craney Island	NA	NA	[36.89237,-76.359388]		Location
Craney Island Disposal	Craney Island Disposal	NA	NA	[36.89237,-76.359388]		Location
Appalachia	Appalachia	NA	NA	[36.906763,-82.781827]		Region
Hampton Roads	Hampton Roads	NA	NA	[36.964159,-76.352151]		Location
Hiwassee	Hiwassee	NA	NA	[36.968734,-80.713679]		Location
Ohio River	Ohio River	NA	NA	[36.990813,-89.13862]		Location
Fort Monroe	Fort Monroe	NA	NA	[37.003906,-76.307223]		Location
Hampton	Hampton	NA	NA	[37.029869,-76.345222]		Location
Pulaski	Pulaski	NA	NA	[37.047898,-80.779793]		Location
James River	James River	NA	NA	[37.068697,-76.618166]		Location
Paducah	Paducah	NA	NA	[37.083389,-88.600048]		Location
Newport News	Newport News	NA	NA	[37.087082,-76.473012]		Location
America	America	NA	America	[37.09024,-95.712891]		Country
American	American	NA	American	[37.09024,-95.712891]		Country
Americans	Americans	NA	Americans	[37.09024,-95.712891]		Country
East	East	NA	East	[37.09024,-95.712891]		Country
U.S.	U.S.	NA	U.S.	[37.09024,-95.712891]		Country
United Sstates	United Sstates	NA	United Sstates	[37.09024,-95.712891]		Country
United States	United States	NA	United States	[37.09024,-95.712891]		Country
united states	united states	NA	united states	[37.09024,-95.712891]		Country
United States	United States	NA	United States	[37.09024,-95.712891]		Country
United States Government	United States Government	NA	United States Government	[37.09024,-95.712891]		Country
United States of	United States of	NA	United States of	[37.09024,-95.712891]		Country
United States of America	United States of America	NA	United States of America	[37.09024,-95.712891]		Country
US	US	NA	US	[37.09024,-95.712891]		Country
USA	USA	NA	USA	[37.09024,-95.712891]		Country
U.S.A	U.S.A	NA	U.S.A	[37.09024,-95.712891]		Country
Korean Peninsula	Korean Peninsula	NA	NA	[35.907757,127.766922]		Region
Northwest States	Northwest States	NA	NA	[37.123428,-81.844293]		Region
Carthage	Carthage	NA	NA	[36.858056,10.330833]		Location
Granada	Granada	NA	Granada	[37.177336,-3.598557]		Country
Jamestown	Jamestown	NA	NA	[37.208203,-76.774126]		Location
Blacksburg	Blacksburg	NA	NA	[37.229573,-80.413939]		Location
Yorktown	Yorktown	NA	NA	[37.238756,-76.509673]		Location
Williamsburg	Williamsburg	NA	NA	[37.270702,-76.707457]		Location
San Jose	San Jose	NA	NA	[37.339386,-121.894955]		Location
Cherokee Strip	Cherokee Strip	NA	NA	[37.370856,-97.107261]		Region
VA	VA	VA	NA	[37.431573,-78.656894]		State
Va	Va	Va	NA	[37.431573,-78.656894]		State
VA	VA	VA	NA	[37.431573,-78.656894]		State
Va.	Va.	Va.	NA	[37.431573,-78.656894]		State
Virginia	Virginia	Virginia	NA	[37.431573,-78.656894]		State
VIRGINIA	VIRGINIA	VIRGINIA	NA	[37.431573,-78.656894]		State
Virginia	Virginia	Virginia	NA	[37.431573,-78.656894]		State
Palo Alto	Palo Alto	NA	NA	[37.441883,-122.143019]		Location
San Joaquin	San Joaquin	NA	NA	[37.450797,-119.235188]		Region
Center Rock	Center Rock	NA	NA	[]		Location
Seoul	Seoul	NA	NA	[37.566535,126.977969]		Location
Sicily	Sicily	NA	NA	[37.599994,14.015356]		Region
Greensburg	Greensburg	NA	NA	[37.602796,-99.292613]		Location
Wichita	Wichita	NA	NA	[37.688889,-97.336111]		Location
Accomac	Accomac	NA	NA	[37.719574,-75.665484]		Location
Sierra Nevada	Sierra Nevada	NA	NA	[37.730505,-119.569295]		Region
Azores	Azores	NA	Azores	[37.741249,-25.675594]		Country
Yosemite Valley	Yosemite Valley	NA	NA	[37.74557,-119.593604]		Location
Eastern States	Eastern States	NA	NA	[37.746874,-80.791261]		Region
eastern States	eastern States	NA	NA	[37.746874,-80.791261]		Region
Black Mesa	Black Mesa	NA	NA	[37.795549,-108.201468]		Location
San Francisco	San Francisco	NA	NA	[37.798203,-122.427426]		Location
Lathtop	Lathtop	NA	NA	[37.822705,-121.27661]		Location
Wabash River	Wabash River	NA	NA	[37.824151,-88.03204]		Region
Kentucky	Kentucky	Kentucky	NA	[37.839333,-84.270018]		State
Nicholasville	Nicholasville	NA	NA	[37.880634,-84.572996]		Location
Corinto	Corinto	NA	NA	[37.938637,22.932238]		Location
Missouri	Missouri	Missouri	NA	[37.964253,-91.831833]		State
Mo.	Mo.	Mo.	NA	[37.964253,-91.831833]		State
Athens	Athens	NA	NA	[37.983716,23.72931]		Location
Lexington	Lexington	NA	NA	[38.040584,-84.503716]		Location
Mare Island	Mare Island	NA	NA	[38.095476,-122.27247]		Location
Frankfort	Frankfort	NA	NA	[38.200906,-84.873284]		Location
Petaluma	Petaluma	NA	NA	[38.232417,-122.636652]		Location
Louisville	Louisville	NA	NA	[38.252665,-85.758456]		Location
Shenandoah	Shenandoah	NA	NA	[38.292756,-78.679584]		Region
Mississippi Basin	Mississippi Basin	NA	NA	[38.32242,-92.170677]		Region
Mississippi River	Mississippi River	NA	NA	[38.32242,-92.170677]		Region
Smyrna	Smyrna	NA	NA	[38.41885,27.12872]		Location
Harpoot	Harpoot	NA	NA	[38.49648,39.219903]		Location
Allegany Mountains	Allegany Mountains	NA	NA	[38.573928,-79.700709]		Region
Alleghany Mountains	Alleghany Mountains	NA	NA	[38.573928,-79.700709]		Region
Allegheny Mountain	Allegheny Mountain	NA	NA	[38.573928,-79.700709]		Region
Sacramento	Sacramento	NA	NA	[38.581572,-121.4944]		Location
West Virginia	West Virginia	West Virginia	NA	[38.597626,-80.454903]		State
Maysville	Maysville	NA	NA	[38.601162,-83.549657]		Location
United States Coast	United States Coast	NA	NA	[38.604704,-123.358661]		Region
St. Louis	St. Louis	NA	NA	[38.627003,-90.199404]		Location
Crawford	Crawford	NA	NA	[38.70324,-107.647428]		Location
Manassas	Manassas	NA	NA	[38.72139,-77.515556]		Location
Terceira	Terceira	NA	NA	[38.721642,-27.220577]		Location
Lisbon	Lisbon	NA	NA	[38.722252,-9.139337]		Location
Mount Vernon	Mount Vernon	NA	NA	[38.729314,-77.107386]		Location
Mount Rainier Reserve	Mount Rainier Reserve	NA	NA	[38.789236,-121.269876]		Location
Cape Henlopen	Cape Henlopen	NA	NA	[38.803168,-75.094625]		Location
Alexandria	Alexandria	NA	NA	[38.804836,-77.046921]		Location
Alexandria Railroad	Alexandria Railroad	NA	NA	[38.804836,-77.046921]		Location
Missouri River	Missouri River	NA	NA	[38.81366,-90.11983]		Region
Temple Hills	Temple Hills	NA	NA	[38.814002,-76.94553]		Location
Eastern Shore of Virginia	Eastern Shore of Virginia	NA	NA	[38.833421,-77.304217]		Region
Fort Myer	Fort Myer	NA	NA	[38.874137,-77.077889]		Location
Alton	Alton	NA	NA	[38.890604,-90.184276]		Location
Rosslyn	Rosslyn	NA	NA	[38.896667,-77.0725]		Location
Capital City	Capital City	NA	NA	[38.907231,-77.036464]		Location
Capitol Hill	Capitol Hill	NA	NA	[38.907231,-77.036464]		Location
D.C.	D.C.	NA	NA	[38.907231,-77.036464]		Location
DC	DC	NA	NA	[38.907231,-77.036464]		Location
District of Columbia	District of Columbia	NA	NA	[38.907231,-77.036464]		Location
Dumbarton Oaks	Dumbarton Oaks	NA	NA	[38.907231,-77.036464]		Location
Georgetown	Georgetown	NA	NA	[38.907231,-77.036464]		Location
Lafayette Square	Lafayette Square	NA	NA	[38.907231,-77.036464]		Location
Pennsylvania Avenue	Pennsylvania Avenue	NA	NA	[38.907231,-77.036464]		Location
Washington	Washington	NA	NA	[38.907231,-77.036464]		Location
WASHINGTON	WASHINGTON	NA	NA	[38.907231,-77.036464]		Location
Washington	Washington	NA	NA	[38.907231,-77.036464]		Location
Washington Navy-Yard	Washington Navy-Yard	NA	NA	[38.907231,-77.036464]		Location
Washington, D.C.	Washington, D.C.	NA	NA	[38.907231,-77.036464]		Location
White House	White House	NA	NA	[38.907231,-77.036464]		Location
Willow Tree Alley	Willow Tree Alley	NA	NA	[38.907231,-77.036464]		Location
Rock Creek	Rock Creek	NA	NA	[38.907231,-77.036464]		Location
Rock Creek Park	Rock Creek Park	NA	NA	[38.907231,-77.036464]		Location
Delaware	Delaware	Delaware	NA	[38.910833,-75.52767]		State
Western States	Western States	NA	NA	[38.928509,-120.936298]		Region
Dulles Airport	Dulles Airport	NA	NA	[38.953381,-77.447712]		Location
Turkey	Turkey	NA	Turkey	[38.963745,35.243322]		Country
TURKEY	TURKEY	NA	TURKEY	[38.963745,35.243322]		Country
Turkey	Turkey	NA	Turkey	[38.963745,35.243322]		Country
Turkish	Turkish	NA	Turkish	[38.963745,35.243322]		Country
Ottoman Empire	NA	NA		[38.963745,35.243322]		Country
Turkish Empire	NA	NA		[38.963745,35.243322]		Country
Annapolis	Annapolis	NA	NA	[38.978445,-76.492183]		Location
Ruatan	Ruatan	NA	NA	[16.341885,-86.529808]		Location
Great Falls of the Potomac	Great Falls of the Potomac	NA	NA	[38.998165,-77.288316]		Location
Kans.	Kans.	Kans.	NA	[39.011902,-98.484246]		State
Kansas	Kansas	Kansas	NA	[39.011902,-98.484246]		State
Potomac Park	Potomac Park	NA	NA	[39.039661,-77.191829]		Location
Lecompton	Lecompton	NA	NA	[39.044445,-95.394697]		Location
Topeka	Topeka	NA	NA	[39.055824,-95.689018]		Location
Greece	Greece	NA	Greece	[39.074208,21.824312]		Country
Tientsin	Tientsin	NA	NA	[39.084158,117.200983]		Location
Tien-Tsin	Tien-Tsin	NA	NA	[39.084158,117.200983]		Location
Lake Tahoe	Lake Tahoe	NA	NA	[39.096849,-120.032351]		Location
Kansas City	Kansas City	NA	NA	[39.099727,-94.578567]		Location
Cincinnati	Cincinnati	NA	NA	[39.103118,-84.51202]		Location
Rockville	Rockville	NA	NA	[39.105506,-77.184429]		Location
Fort Riley	Fort Riley	NA	NA	[39.112072,-96.815965]		Location
Fort Miami	Fort Miami	NA	NA	[39.119502,-84.81245]		Location
Delaware Bay	Delaware Bay	NA	NA	[39.120171,-75.247906]		Location
Walnut Hills	Walnut Hills	NA	NA	[32.336111,-90.875278]		Location
Colerain	Colerain	NA	NA	[30.833011,-81.900667]		Location
Sutro Tunnel	Sutro Tunnel	NA	NA	[39.279162,-119.583624]		Location
Oconee	Oconee	NA	NA	[39.285598,-89.107579]		Location
Baltimore	Baltimore	NA	NA	[39.290385,-76.612189]		Location
Leavenworth	Leavenworth	NA	NA	[39.311111,-94.922464]		Location
Fort Leavenworth	Fort Leavenworth	NA	NA	[39.311111,-94.922464]		Location
Utah	Utah	Utah	NA	[39.32098,-111.093731]		State
Miami	Miami	NA	NA	[25.76168,-80.19179]		Location
North Miami	North Miami	NA	NA	[25.890095,-80.186714]		Location
Truckee	Truckee	NA	NA	[39.327962,-120.183253]		Location
Mason	Mason	NA	NA	[39.360059,-84.309939]		Location
Portugal	Portugal	NA	Portugal	[39.399872,-8.224454]		Country
PORTUGAL	PORTUGAL	NA	PORTUGAL	[39.399872,-8.224454]		Country
Portugal	Portugal	NA	Portugal	[39.399872,-8.224454]		Country
Portuguese	Portuguese	NA	Portuguese	[39.399872,-8.224454]		Country
North Eastern	North Eastern	NA	NA	[39.440894,-94.491748]		Location
Potomac	Potomac	NA	NA	[39.509577,-77.991269]		Region
Potomac River	Potomac River	NA	NA	[39.509577,-77.991269]		Region
Matamoras	Matamoras	NA	NA	[39.518631,-81.070467]		Location
Langfang	Langfang	NA	NA	[39.538047,116.683752]		Location
Colorado	Colorado	Colorado	NA	[39.550051,-105.782067]		State
COLORADO	COLORADO	COLORADO	NA	[39.550051,-105.782067]		State
Colorado	Colorado	Colorado	NA	[39.550051,-105.782067]		State
Meridian Hill	Meridian Hill	NA	NA	[38.920822,-77.035714]		Location
Delaware River	Delaware River	NA	NA	[39.573802,-75.539315]		Region
Jefferson	Jefferson	NA	NA	[39.58003,-105.266293]		Location
Columbine	Columbine	NA	NA	[39.587766,-105.06943]		Location
Dillon	Dillon	NA	NA	[39.630264,-106.043352]		Location
Cumberland	Cumberland	NA	NA	[39.652865,-78.762518]		Location
Louisiana Purchase	Louisiana Purchase	NA	NA	[39.690961,-104.764491]		Region
Glassboro	Glassboro	NA	NA	[39.702892,-75.111842]		Location
Emmitsburg Pike	Emmitsburg Pike	NA	NA	[39.704542,-77.326931]		Location
Aurora	Aurora	NA	NA	[39.729432,-104.83192]		Location
Denver	Denver	NA	NA	[39.737567,-104.984718]		Location
Wilmington	Wilmington	NA	NA	[39.745833,-75.546667]		Location
Sivas	Sivas	NA	NA	[39.747662,37.017879]		Location
Indianapolis	Indianapolis	NA	NA	[39.768403,-86.158068]		Location
Northwest Territory	Northwest Territory	NA	NA	[39.800613,-89.72515]		Region
Gettysburg	Gettysburg	NA	NA	[39.830929,-77.231095]		Location
Yalu River	Yalu River	NA	NA	[39.87776,124.31283]		Location
Vandalia	Vandalia	NA	NA	[39.890612,-84.198831]		Location
League Island	League Island	NA	NA	[39.894835,-75.161011]		Location
Plattsburg	Plattsburg	NA	NA	[39.896171,-83.61159]		Location
Erzerum	Erzerum	NA	NA	[39.9,41.27]		Location
Pekin	Pekin	NA	NA	[39.90403,116.407526]		Location
Peking	Peking	NA	NA	[39.90403,116.407526]		Location
Pell	Pell	NA	NA	[]		Location
Zanesville	Zanesville	NA	NA	[39.940345,-82.013192]		Location
Madeira	Madeira	NA	NA	[32.760707,-16.959472]		Location
Philadelphia	Philadelphia	NA	NA	[39.952335,-75.163789]		Location
Columbus	Columbus	NA	NA	[39.961176,-82.998794]		Location
Colombia	Colombia	NA	Colombia	[4.570868,-74.297333]		Country
Colombian Republic	Colombian Republic	NA	Colombian Republic	[4.570868,-74.297333]		Country
Columbia	Columbia	NA	Columbia	[4.570868,-74.297333]		Country
United States of Colombia	United States of Colombia	NA	United States of Colombia	[4.570868,-74.297333]		Country
Bogota	Bogota	NA	NA	[4.598056,-74.075833]		Location
Taiping	Taiping	NA	NA	[4.854099,100.737575]		Location
Yeddo	Yeddo	NA	NA	[40.011389,-87.26]		Location
BOULDER	BOULDER	NA	NA	[36.015556, -114.737778]		Location
Aranjuez	Aranjuez	NA	NA	[40.03219,-3.602671]		Location
New Jersey	New Jersey	New Jersey	NA	[40.058324,-74.405661]		State
Armenia	Armenia	NA	Armenia	[40.069099,45.038189]		Country
Sardinia	Sardinia	NA	Sardinia	[40.120875,9.012893]		Country
Fort Washington	Fort Washington	NA	NA	[40.141678,-75.192694]		Location
Three Mile Island	Three Mile Island	NA	NA	[40.147866,-76.723551]		Location
Carlisle	Carlisle	NA	NA	[40.2025,-77.195]		Location
Trenton	Trenton	NA	NA	[40.217053,-74.742938]		Location
Ind	Ind	Ind	NA	[40.267194,-86.134902]		State
Indiana	Indiana	Indiana	NA	[40.267194,-86.134902]		State
Indiana Territory	Indiana Territory	Indiana Territory	NA	[40.267194,-86.134902]		State
North Korea	North Korea	NA	North Korea	[40.339852,127.510093]		Country
North Korean	North Korean	NA	North Korean	[40.339852,127.510093]		Country
Steubenville	Steubenville	NA	NA	[40.369791,-80.633964]		Location
Black America	Black America	NA	NA	[]		Location
Madrid	Madrid	NA	NA	[40.416775,-3.70379]		Location
Sagasta	Sagasta	NA	NA	[]		Location
Pittsburg	Pittsburg	NA	NA	[40.440625,-79.995886]		Location
Pittsburgh	Pittsburgh	NA	NA	[40.440625,-79.995886]		Location
Allegheny	Allegheny	NA	NA	[40.445081,-80.008775]		Location
Spain	Spain	NA	Spain	[40.463667,-3.74922]		Country
Spanish	Spanish	NA	Spanish	[40.463667,-3.74922]		Country
White River Ute Reservation	White River Ute Reservation	NA	NA	[40.506686,-109.997491]		Region
Edison	Edison	NA	NA	[40.518715,-74.412095]		Location
Montrose	Montrose	NA	NA	[40.532264,-91.414876]		Location
St. Marys Canal	St. Marys Canal	NA	NA	[40.543589,-84.387056]		Location
Raritan	Raritan	NA	NA	[40.569547,-74.632936]		Location
Allentown	Allentown	NA	NA	[40.608431,-75.490183]		Location
Orinoco	Orinoco	NA	NA	[40.614237,-79.740168]		Location
Ill.	Ill.	Ill.	NA	[40.633125,-89.398528]		State
Illinois	Illinois	Illinois	NA	[40.633125,-89.398528]		State
Illinois Territory	Illinois Territory	Illinois Territory	NA	[40.633125,-89.398528]		State
Brooklyn	Brooklyn	NA	NA	[40.65,-73.95]		Location
Latin Union	Latin Union	NA	NA	[]		Location
St. Marks	St. Marks	NA	NA	[40.67597,-73.956895]		Location
Central Valley of California	Central Valley of California	NA	NA	[40.680428,-122.370842]		Region
Governors Island	Governors Island	NA	NA	[40.68945,-74.016792]		Location
Union	Union	NA	NA	[40.69759,-74.263164]		Location
Ellis Island	Ellis Island	NA	NA	[40.699472,-74.03956]		Location
New York	New York	NA	NA	[40.714353,-74.005973]		Location
New York City	New York City	NA	NA	[40.714353,-74.005973]		Location
Wall Street	Wall Street	NA	NA	[40.714353,-74.005973]		Location
Newark	Newark	NA	NA	[40.735657,-74.172367]		Location
American Republic	American Republic	NA	NA	[40.737441,-73.413348]		Location
Initiative	Initiative	NA	NA	[]		Location
Salt Lake	Salt Lake	NA	NA	[40.760779,-111.891047]		Location
Salt Lake City	Salt Lake City	NA	NA	[40.760779,-111.891047]		Location
Astoria	Astoria	NA	NA	[46.187884,-123.831253]		Location
Long Island	Long Island	NA	NA	[40.789142,-73.13496]		Region
Wabash	Wabash	NA	NA	[40.797821,-85.820541]		Location
Lincoln	Lincoln	NA	NA	[40.806862,-96.681679]		Location
Harlem	Harlem	NA	NA	[40.81155,-73.946477]		Location
New York Harbor	New York Harbor	NA	NA	[40.843434,-73.782077]		Location
Naples	Naples	NA	NA	[40.851775,14.268124]		Location
Marsovan	Marsovan	NA	NA	[40.874859,35.45974]		Location
Allianca	Allianca	NA	NA	[40.915336,-81.105931]		Location
Ohio Canal	Ohio Canal	NA	NA	[40.926282,-81.631297]		Location
Galesburg	Galesburg	NA	NA	[40.947816,-90.371239]		Location
Stony Mountains	Stony Mountains	NA	NA	[40.972598,-74.380707]		Region
Manila	Manila	NA	NA	[14.599512,120.98422]		Location
Manila Bay	Manila Bay	NA	NA	[14.599512,120.98422]		Location
Lattimer	Lattimer	NA	NA	[40.993973,-75.961313]		Location
Asiatic Turkey	Asiatic Turkey	NA	NA	[41.00145,39.7178]		Region
Constantinople	Constantinople	NA	NA	[41.00527,28.97696]		Location
Porte	Porte	NA	NA	[41.00527,28.97696]		Location
Sublime Porte	Sublime Porte	NA	NA	[41.00527,28.97696]		Location
Istanbul	Istanbul	NA	NA	[41.00527,28.97696]		Location
Pearl River	Pearl River	NA	NA	[21.350123,-157.949382]		Region
Youngstown	Youngstown	NA	NA	[41.09978,-80.649519]		Location
Bosphorus	Bosphorus	NA	NA	[41.119444,29.075278]		Location
Cheyenne	Cheyenne	NA	NA	[41.139981,-104.820246]		Location
Luzerne County	Luzerne County	NA	NA	[41.140435,-75.992765]		Location
Albania	Albania	NA	Albania	[41.153332,20.168331]		Country
Churchill	Churchill	NA	NA	[]		Location
Hudson River	Hudson River	NA	NA	[41.189608,-73.924225]		Location
Pennsylvania	Pennsylvania	Pennsylvania	NA	[41.203322,-77.194525]		State
Pa.	Pa.	Pa.	NA	[41.203322,-77.194525]		State
Churubusco	Churubusco	NA	NA	[41.230603,-85.319421]		Location
Omaha	Omaha	NA	NA	[41.259482,-96.005013]		Location
Omaha City	Omaha City	NA	NA	[41.259482,-96.005013]		Location
Shansi	Shansi	NA	NA	[41.291882,-82.215306]		Location
Fort Bridger	Fort Bridger	NA	NA	[41.316617,-110.384325]		Location
Elyria	Elyria	NA	NA	[41.36838,-82.107649]		Location
Edgartown	Edgartown	NA	NA	[41.389005,-70.51336]		Location
Scranton	Scranton	NA	NA	[41.408969,-75.662412]		Location
Newtown	Newtown	NA	NA	[41.414112,-73.303566]		Location
Adriatic	Adriatic	NA	NA	[41.435283,22.01014]		Ocean
Sandusky	Sandusky	NA	NA	[41.44894,-82.707961]		Location
Anzio	Anzio	NA	NA	[41.449596,12.619725]		Location
Narraganset Bay	Narraganset Bay	NA	NA	[41.450084,-71.449503]		Location
Narragansett	Narragansett	NA	NA	[41.450084,-71.449503]		Location
Latin	Latin	NA	NA	[41.467567,12.903597]		Location
Nebr.	Nebr.	Nebr.	NA	[41.492537,-99.901813]		State
Nebraska	Nebraska	Nebraska	NA	[41.492537,-99.901813]		State
Cleveland	Cleveland	NA	NA	[41.499495,-81.695409]		Location
Rock Island	Rock Island	NA	NA	[41.509477,-90.578748]		Location
Green River	Green River	NA	NA	[41.528576,-109.466246]		Region
Buzzards Bay	Buzzards Bay	NA	NA	[41.529275,-70.835779]		Location
Fort Meigs	Fort Meigs	NA	NA	[41.549881,-83.65395]		Location
Missouri Valley	Missouri Valley	NA	NA	[41.556371,-95.887777]		Location
Ohio	Ohio	Ohio	NA	[40.417287,-82.907123]		State
Rhode Island	Rhode Island	Rhode Island	NA	[41.580095,-71.477429]		State
Rock Springs	Rock Springs	NA	NA	[41.587464,-109.202904]		Location
Fort Delaware	Fort Delaware	NA	NA	[41.599162,-75.027666]		Location
Connecticut	Connecticut	Connecticut	NA	[41.603221,-73.087749]		State
Macedonia	Macedonia	NA	Macedonia	[41.608635,21.745275]		Country
Hyannis Harbor	Hyannis Harbor	NA	NA	[41.6315,-70.286966]		Location
New Bedford	New Bedford	NA	NA	[41.636215,-70.934205]		Location
Toledo	Toledo	NA	NA	[41.663938,-83.555212]		Location
Elkhart	Elkhart	NA	NA	[41.681994,-85.976667]		Location
Cape Cod	Cape Cod	NA	NA	[41.699096,-70.320911]		Location
Barnstable	Barnstable	NA	NA	[41.700321,-70.300202]		Location
Fall River	Fall River	NA	NA	[41.701491,-71.155045]		Location
Connecticut Reserve	Connecticut Reserve	NA	NA	[41.499495,-81.695409]		Location
Brooke-Cranston	Brooke-Cranston	NA	NA	[41.752277,-71.450143]		Location
Cape Cod Canal	Cape Cod Canal	NA	NA	[41.768161,-70.566141]		Location
Thompsons Island	Thompsons Island	NA	NA	[41.793115,-79.284492]		Location
Mukden	Mukden	NA	NA	[41.805698,123.431475]		Location
Providence	Providence	NA	NA	[41.823989,-71.412834]		Location
La Plaisance Bay	La Plaisance Bay	NA	NA	[41.869458,-83.365582]		Location
Italian States	Italian States	NA	Italian States	[41.87194,12.56738]		Country
Italy	Italy	NA	Italy	[41.87194,12.56738]		Country
Edinboro	Edinboro	NA	NA	[41.874222,-80.131724]		Location
Iowa	Iowa	Iowa	NA	[41.878003,-93.097702]		State
Chicago	Chicago	NA	NA	[41.878114,-87.629798]		Location
North Chicago	North Chicago	NA	NA	[41.878114,-87.629798]		Location
Rome	Rome	NA	NA	[41.892916,12.48252]		Location
Putnam	Putnam	NA	NA	[41.906111,-71.870278]		Location
Tripolitania	Tripolitania	NA	NA	[41.930752,12.520243]		Location
Susquehannah	Susquehannah	NA	NA	[41.943607,-75.599179]		Location
Plymouth	Plymouth	NA	NA	[41.958446,-70.667262]		Location
Plymouth Beach	Plymouth Beach	NA	NA	[41.958446,-70.667262]		Location
Nevada	Nevada	Nevada	NA	[38.80261,-116.419389]		State
Rocky Mountains	Rocky Mountains	NA	NA	[42.032974,-109.70215]		Region
Rocky mountains	Rocky mountains	NA	NA	[42.032974,-109.70215]		Region
Detroit River	Detroit River	NA	NA	[42.063134,-83.175619]		Region
Lake Erie	Lake Erie	NA	NA	[42.066885,-81.339941]		Region
Springfield	Springfield	NA	NA	[42.101483,-72.589811]		Location
Presque Isle	Presque Isle	NA	NA	[42.163114,-80.101172]		Location
Costa	Costa	NA	NA	[42.175403,9.169244]		Location
Hudson	Hudson	NA	NA	[42.252865,-73.790959]		Location
Detroit	Detroit	NA	NA	[42.331427,-83.045754]		Location
Connecticut River	Connecticut River	NA	NA	[42.334126,-72.597313]		Region
Boston	Boston	NA	NA	[42.358431,-71.059773]		Location
Boston Harbor	Boston Harbor	NA	NA	[42.358431,-71.059773]		Location
Lake of the Woods	Lake of the Woods	NA	NA	[42.365529,-122.213303]		Region
Cardenas	Cardenas	NA	NA	[42.374808,-2.763231]		Location
Charlestown	Charlestown	NA	NA	[42.378207,-71.060213]		Location
Massachusetts	Massachusetts	Massachusetts	NA	[42.407211,-71.382437]		State
Earnest	Earnest	NA	NA	[]		Location
Malden	Malden	NA	NA	[42.425096,-71.066163]		Location
Concord	Concord	NA	NA	[42.460372,-71.348948]		Location
Marblehead	Marblehead	NA	NA	[42.499958,-70.857802]		Location
Nassau	Nassau	NA	NA	[42.515915,-73.610116]		Location
Md.	Md.	Md.	NA	[42.536466,-74.886545]		State
Maryland	Maryland	Maryland	NA	[42.536466,-74.886545]		State
Kosovo	Kosovo	NA	Kosovo	[42.602636,20.902977]		Country
Michigan Canal	Michigan Canal	NA	NA	[42.624085,-83.031893]		Location
Saugatuck Harbor	Saugatuck Harbor	NA	NA	[42.638362,-86.175556]		Location
Sofia	Sofia	NA	NA	[42.697839,23.32167]		Location
MONTENEGRO	MONTENEGRO	NA	MONTENEGRO	[42.708678,19.37439]		Country
Montenegro	Montenegro	NA	Montenegro	[42.708678,19.37439]		Country
Bulgaria	Bulgaria	NA	Bulgaria	[42.733883,25.48583]		Country
Newburyport	Newburyport	NA	NA	[42.812591,-70.877275]		Location
Bennington	Bennington	NA	NA	[42.878094,-73.1968]		Location
Santiago Spain	Santiago Spain	NA	NA	[42.878213,-8.544844]		Location
Oak Creek	Oak Creek	NA	NA	[42.88585,-87.863136]		Location
Buffalo	Buffalo	NA	NA	[42.886447,-78.878369]		Location
Great Plains	Great Plains	NA	NA	[42.900452,-103.088525]		Region
Fort Atkinson	Fort Atkinson	NA	NA	[42.928894,-88.837051]		Location
Kanawha	Kanawha	NA	NA	[42.937744,-93.793275]		Location
Tropics	Tropics	NA	NA	[42.962921,-85.705232]		Location
Welland Canal	Welland Canal	NA	NA	[42.994595,-79.248858]		Location
Fort Randall	Fort Randall	NA	NA	[43.02444,-98.624251]		Location
Milwaukee	Milwaukee	NA	NA	[43.038903,-87.906474]		Location
Pacific Islands	Pacific Islands	NA	NA	[-0.35156,-123.105476]		Location
Arapahoe Reservation	Arapahoe Reservation	NA	NA	[43.04808,-108.361383]		Location
Navy Island	Navy Island	NA	NA	[43.057851,-79.010821]		Location
Wyoming	Wyoming	Wyoming	NA	[43.075968,-107.290284]		State
Wyoming Territory	Wyoming Territory	Wyoming Territory	NA	[43.075968,-107.290284]		State
Niagara Falls	Niagara Falls	NA	NA	[43.082816,-79.074163]		Location
Utica	Utica	NA	NA	[43.100903,-75.232664]		Location
Cerro Gordo	Cerro Gordo	NA	NA	[43.154319,-93.202967]		Region
Vladivostok	Vladivostok	NA	NA	[43.166667,131.933333]		Location
Lockport	Lockport	NA	NA	[43.170613,-78.69031]		Location
New Hampshire	New Hampshire	New Hampshire	NA	[43.193852,-71.572395]		State
Beslan	Beslan	NA	NA	[43.2,44.566667]		Location
Hamilton	Hamilton	NA	NA	[43.250021,-79.866091]		Location
Turkestan	Turkestan	NA	Turkestan	[43.294701,68.258537]		Country
Merrimac	Merrimac	NA	NA	[43.37332,-89.623455]		Region
Platte	Platte	NA	NA	[43.38694,-98.84453]		Location
Chechnya	Chechnya	NA	NA	[43.40233,45.718747]		Region
Midwest	Midwest	NA	NA	[43.410056,-106.272634]		Region
Middle West	Middle West	NA	NA	[43.41136,-106.280024]		Region
Black Sea	Black Sea	NA	NA	[43.413029,34.299316]		Ocean
Lake Michigan	Lake Michigan	NA	NA	[43.450101,-87.222019]		Ocean
Oswego	Oswego	NA	NA	[43.455346,-76.510497]		Location
Rica	Rica	NA	NA	[9.748917,-83.753428]		Location
Balkan	Balkan	NA	NA	[43.484812,19.328612]		Region
Balkans	Balkans	NA	NA	[43.484812,19.328612]		Region
Toronto	Toronto	NA	NA	[43.653226,-79.383184]		Location
Florence	Florence	NA	NA	[43.771033,11.248001]		Location
Wisconsin	Wisconsin	Wisconsin	NA	[43.78444,-88.787868]		State
La Crosse	La Crosse	NA	NA	[43.801356,-91.239581]		Location
Oreg.	Oreg.	Oreg.	NA	[43.804133,-120.554201]		State
Oregon	Oregon	Oregon	NA	[43.804133,-120.554201]		State
Sarajevo	Sarajevo	NA	NA	[43.856259,18.413076]		Location
Rhine	Rhine	NA	NA	[49.345124,7.866923]		Region
New England	New England	NA	NA	[43.965389,-70.822654]		Region
New England States	New England States	NA	NA	[43.965389,-70.822654]		Region
Middle States	Middle States	NA	NA	[41,-77.5]		Region
North East	North East	NA	NA	[43.965389,-70.822654]		Region
Northeastern States	Northeastern States	NA	NA	[43.965389,-70.822654]		Region
South Dakota	South Dakota	South Dakota	NA	[43.969515,-99.901813]		State
Serbia	Serbia	NA	Serbia	[44.016521,21.005859]		Country
North Atlantic Coast	North Atlantic Coast	NA	NA	[44.028371,-68.975372]		Region
Black Hills	Black Hills	NA	NA	[44.031245,-103.815163]		Region
West	West	NA	NA	[44.051186,-123.143222]		Region
Idaho	Idaho	Idaho	NA	[44.068202,-114.742041]		State
White Mountain	White Mountain	NA	NA	[44.144882,-71.368141]		Region
White Mountains	White Mountains	NA	NA	[44.144882,-71.368141]		Region
Michigan	Michigan	Michigan	NA	[44.314844,-85.602364]		State
Michigan Territory	Michigan Territory	Michigan Territory	NA	[44.314844,-85.602364]		State
Volga	Volga	NA	NA	[46.697127,47.306401]		Location
Castine	Castine	NA	NA	[44.388861,-68.798958]		Location
Bucharest	Bucharest	NA	NA	[44.4325,26.103889]		Location
Penobscot	Penobscot	NA	NA	[44.445518,-68.817802]		Location
Kennebec River	Kennebec River	NA	NA	[44.480132,-69.734712]		Location
Yalta	Yalta	NA	NA	[44.495205,34.166301]		Location
Green Bay	Green Bay	NA	NA	[44.519159,-88.019826]		Location
Tuzla	Tuzla	NA	NA	[44.537345,18.673401]		Location
St. Lawrence	St. Lawrence	NA	NA	[44.553638,-75.593346]		Region
St. Lawrence River	St. Lawrence River	NA	NA	[44.553638,-75.593346]		Region
Vermont	Vermont	Vermont	NA	[44.558803,-72.577841]		State
Lake Champlain	Lake Champlain	NA	NA	[44.586581,-73.38009]		Region
Halifax	Halifax	NA	NA	[44.648863,-63.57532]		Location
Mongol Desert	Mongol Desert	NA	NA	[44.671611,110.039284]		Region
Mongolian Desert	Mongolian Desert	NA	NA	[44.671611,110.039284]		Region
Nova Scotia	Nova Scotia	NA	NA	[44.681987,-63.744311]		Region
Kamchatka	Kamchatka	NA	NA	[57,160]		Region
Machias	Machias	NA	NA	[44.715079,-67.461376]		Location
Fort Sackville	Fort Sackville	NA	NA	[44.728906,-63.659544]		Location
Dakota	Dakota	NA	NA	[44.731554,-93.177966]		Region
Dakota Territory	Dakota Territory	NA	NA	[44.731554,-93.177966]		Region
Lake Ontario	Lake Ontario	NA	NA	[44.766667,-77.883333]		Region
Bay of Fundy	Bay of Fundy	NA	NA	[44.772849,-66.309551]		Region
Danube	Danube	NA	NA	[46.322341,19.13033]		Region
St. Paul	St. Paul	NA	NA	[44.953703,-93.089958]		Location
Lake Memphramagog	Lake Memphramagog	NA	NA	[44.970884,-72.222416]		Location
Passamaquoddy	Passamaquoddy	NA	NA	[45.029377,-67.074394]		Region
Passamaquoddy Bay	Passamaquoddy Bay	NA	NA	[45.029377,-67.074394]		Region
Great Lakes	Great Lakes	NA	NA	[45.052237,-82.484612]		Region
Lake Huron	Lake Huron	NA	NA	[45.052237,-82.484612]		Region
St. Andrew's	St. Andrew's	NA	NA	[45.091254,-66.964833]		Location
Turin	Turin	NA	NA	[45.070982,7.685676]		Location
St. Marys River	St. Marys River	NA	NA	[45.080851,-61.93302]		Location
St. John River	St. John River	NA	NA	[45.30826,-66.164001]		Location
Ottawa	Ottawa	NA	NA	[45.42153,-75.697193]		Location
Venice	Venice	NA	NA	[45.440847,12.315515]		Location
Central Asia	Central Asia	NA	NA	[45.450688,68.831901]		Region
Milan	Milan	NA	NA	[45.465454,9.186516]		Location
Forest Grove	Forest Grove	NA	NA	[45.519836,-123.110663]		Location
Portland	Portland	NA	NA	[45.523452,-122.676207]		Location
Pearl	Pearl	NA	NA	[45.528323,-122.683751]		Location
Hudsons Bay	Hudsons Bay	NA	NA	[45.622289,-79.865174]		Region
Trieste	Trieste	NA	NA	[45.649535,13.777972]		Location
Sungari River	Sungari River	NA	NA	[45.714359,128.586361]		Location
Niagara	Niagara	NA	NA	[45.771346,-87.994847]		Location
Crow Creek	Crow Creek	NA	NA	[45.9294,-87.720686]		Location
Roumania	Roumania	NA	Roumania	[45.943161,24.96676]		Country
Rumania	Rumania	NA	Rumania	[45.943161,24.96676]		Country
Romania	Romania	NA	Romania	[45.943161,24.96676]		Country
Bonneville	Bonneville	NA	NA	[46.078025,6.409053]		Location
Locarno	Locarno	NA	NA	[46.167958,8.788979]		Location
Geneva	Geneva	NA	NA	[46.198392,6.142296]		Location
Western Europe	Western Europe	NA	NA	[46.202185,1.264387]		Region
France	France	NA	France	[46.227638,2.213749]		Country
French	French	NA	French	[46.227638,2.213749]		Country
French Republic	French Republic	NA	French Republic	[46.227638,2.213749]		Country
Republic of France	Republic of France	NA	Republic of France	[46.227638,2.213749]		Country
Columbia River	Columbia River	NA	NA	[46.245311,-123.801891]		Region
Columbia River Basin	Columbia River Basin	NA	NA	[46.245311,-123.801891]		Region
Wahpeton	Wahpeton	NA	NA	[46.265237,-96.605907]		Location
Frozen Ocean	Frozen Ocean	NA	NA	[70.377854,-141.035163]		Location
New Brunswick	New Brunswick	NA	NA	[46.565316,-66.461916]		Region
Minnesota	Minnesota	Minnesota	NA	[46.729553,-94.6859]		State
Swiss	Swiss	NA	Swiss	[46.818188,8.227512]		Country
Swiss Republic	Swiss Republic	NA	Swiss Republic	[46.818188,8.227512]		Country
Switzerland	Switzerland	NA	Switzerland	[46.818188,8.227512]		Country
Maine	Maine	Maine	NA	[46.82,-67.92361]		State
Me.	Me.	Me.	NA	[46.82,-67.92361]		State
Mandan	Mandan	NA	NA	[46.82666,-100.889576]		Location
Montana	Montana	Montana	NA	[46.879682,-110.362566]		State
Montana Territories	Montana Territories	Montana Territories	NA	[46.879682,-110.362566]		State
Aspee Bay	Aspee Bay	NA	NA	[46.916667, -60.416667]		Region
Berne	Berne	NA	NA	[46.947922,7.444608]		Location
Bulfinchs Harbor	Bulfinchs Harbor	NA	NA	[46.950556,-124.051111]		Location
Wye	Wye	NA	NA	[]		Location
Kishenef	Kishenef	NA	NA	[47.026859,28.841551]		Location
Yellow Stone River	Yellow Stone River	NA	NA	[47.037744,-104.763245]		Location
Austria-Hungary	Austria-Hungary	NA	Austria-Hungary	[47.153716,16.26888]		Country
Hungary	Hungary	NA	Hungary	[47.162494,19.503304]		Country
Fortune Bay	Fortune Bay	NA	NA	[47.213645,-55.771644]		Location
Austria	Austria	NA	Austria	[47.516231,14.550072]		Country
Upper Mississippi River	Upper Mississippi River	NA	NA	[47.531605,-101.794532]		Region
North Dakota	North Dakota	North Dakota	NA	[47.551493,-101.002012]		State
St. Johns	St. Johns	NA	NA	[47.560541,-52.712831]		Location
South Western States	South Western States	NA	NA	[35.822139, -108.201361]		Region
Southwest	Southwest	NA	NA	[35.822139, -108.201361]		Region
Seattle	Seattle	NA	NA	[47.60621,-122.332071]		Location
Bellevue	Bellevue	NA	NA	[47.610377,-122.200679]		Location
Atlantic Coast	Atlantic Coast	NA	NA	[47.610574,-122.336458]		Region
eastern coast of America	eastern coast of America	NA	NA	[47.610574,-122.336458]		Region
Atlantic Community	Atlantic Community	NA	NA	[47.610574,-122.336458]		Region
Atlantic Seaboard	Atlantic Seaboard	NA	NA	[47.610574,-122.336458]		Region
Lake Superior	Lake Superior	NA	NA	[47.723087,-86.940716]		Region
Washington State	Washington State	Washington State	NA	[47.751074,-120.740139]		State
Washington Territory	Washington Territory	Washington Territory	NA	[47.751074,-120.740139]		State
Orleans	Orleans	NA	NA	[47.902964,1.909251]		Location
Kazahkstan	Kazahkstan	NA	Kazahkstan	[48.019573,66.923684]		Country
Munich	Munich	NA	NA	[48.135125,11.581981]		Location
Vienna	Vienna	NA	NA	[48.208174,16.373819]		Location
Alsace	Alsace	NA	NA	[48.31818,7.441624]		Region
Ukraine	Ukraine	NA	Ukraine	[48.379433,31.16558]		Country
Brest	Brest	NA	NA	[48.390394,-4.486076]		Location
Victoria	Victoria	NA	NA	[48.428421,-123.365644]		Location
San Juan Island	San Juan Island	NA	NA	[48.551367,-123.078106]		Location
Eastport	Eastport	NA	NA	[48.651764,-53.757846]		Location
Wurtemberg	Wurtemberg	NA	NA	[48.661604,9.350134]		Location
Stalingrad	Stalingrad	NA	NA	[48.7,44.516667]		Location
Newfoundland	Newfoundland	NA	NA	[48.777913,-56.477052]		Region
Bavaria	Bavaria	NA	NA	[48.790447,11.497889]		Region
Versailles	Versailles	NA	NA	[48.801408,2.130122]		Location
Vincennes	Vincennes	NA	NA	[38.677269,-87.528633]		Location
City of Paris	City of Paris	NA	NA	[48.856614,2.352222]		Location
Paris	Paris	NA	NA	[48.856614,2.352222]		Location
St. Mihiel	St. Mihiel	NA	NA	[48.88855,5.541657]		Location
Pembina	Pembina	NA	NA	[48.966377,-97.243676]		Location
Jersey	Jersey	NA	NA	[49.214439,-2.13125]		Location
Vancouver	Vancouver	NA	NA	[49.261226,-123.113927]		Location
Omaha Beach	Omaha Beach	NA	NA	[49.372541,-0.867675]		Location
Seine	Seine	NA	NA	[49.438215,0.352613]		Location
Luxembourg	Luxembourg	NA	Luxembourg	[49.815273,6.129583]		Country
Czech Republic	Czech Republic	NA	Czech Republic	[49.817492,15.472962]		Country
Czechoslovakia	Czechoslovakia	NA	Czechoslovakia	[49.817492,15.472962]		Country
Bohemia	Bohemia	NA	Bohemia	[49.817492,15.472962]		Country
Vancouvers Island	Vancouvers Island	NA	NA	[49.825303,-125.617148]		Region
Winnipeg	Winnipeg	NA	NA	[49.899754,-97.137494]		Location
Mayence	Mayence	NA	NA	[49.992862,8.247253]		Location
Somalia	Somalia	NA	Somalia	[5.152149,46.199616]		Country
New Granada	New Granada	NA	NA	[5.577717,-75.196838]		Region
New Grenada	New Grenada	NA	NA	[5.577717,-75.196838]		Region
Paramaribo	Paramaribo	NA	NA	[5.823201,-55.16788]		Location
Jaluit	Jaluit	NA	NA	[5.837937,169.620733]		Location
Java	Java	NA	NA	[-7.614529,110.712246]		Region
Jolo	Jolo	NA	NA	[5.969181,121.125213]		Region
Sulu	Sulu	NA	NA	[5.974901,121.03351]		Region
Sulu Islands	Sulu Islands	NA	NA	[5.974901,121.03351]		Region
Bastogne	Bastogne	NA	NA	[50.000506,5.71528]		Location
Prague	Prague	NA	NA	[50.075538,14.4378]		Location
Sabine	Sabine	NA	NA	[29.985556,-93.790556]		Region
Central Europe	Central Europe	NA	NA	[50.378472,14.970598]		Region
Belgium	Belgium	NA	Belgium	[50.503887,4.469936]		Country
Saxe-Coburg	Saxe-Coburg	NA	NA	[50.528062,12.478733]		Location
Bourdour	Bourdour	NA	NA	[37.726909,30.288876]		Location
Boulogne	Boulogne	NA	NA	[50.725231,1.613334]		Location
Gosport	Gosport	NA	NA	[50.794995,-1.117547]		Location
Portsmouth	Portsmouth	NA	NA	[50.816667,-1.083333]		Location
Brussels	Brussels	NA	NA	[50.85034,4.35171]		Location
Southampton	Southampton	NA	NA	[50.9097,-1.404351]		Location
Gotha	Gotha	NA	NA	[50.946919,10.709288]		Location
Hampshire	Hampshire	NA	NA	[51.08952,-1.216844]		Region
Saxony	Saxony	NA	NA	[51.104541,13.201738]		Region
West Germany	West Germany	NA	West Germany	[51.145061,6.386355]		Country
German	German	NA	German	[51.165691,10.451526]		Country
German Empire	German Empire	NA	German Empire	[51.165691,10.451526]		Country
German States	German States	NA	German States	[51.165691,10.451526]		Country
Germany	Germany	NA	Germany	[51.165691,10.451526]		Country
GERMANY	GERMANY	NA	GERMANY	[51.165691,10.451526]		Country
Germany	Germany	NA	Germany	[51.165691,10.451526]		Country
North Germany	North Germany	NA	North Germany	[51.165691,10.451526]		Country
East Germany	East Germany	NA	East Germany	[51.165691,10.451526]		Country
Antwerp	Antwerp	NA	NA	[51.219448,4.402464]		Location
Ontario	Ontario	NA	NA	[51.253775,-85.323214]		Region
Upper Canada	Upper Canada	NA	NA	[51.253775,-85.323214]		Region
Greenwich	Greenwich	NA	NA	[51.482577,-0.007659]		Location
London	London	NA	NA	[51.508515,-0.125487]		Location
West Bank	West Bank	NA	West Bank	[31.94657,35.302723]		Country
Gloucester	Gloucester	NA	NA	[51.864245,-2.238156]		Location
Poland	Poland	NA	Poland	[51.919438,19.145136]		Country
POLAND	POLAND	NA	POLAND	[51.919438,19.145136]		Country
Poland	Poland	NA	Poland	[51.919438,19.145136]		Country
Rotterdam	Rotterdam	NA	NA	[51.924216,4.481776]		Location
eastern Europe	eastern Europe	NA	NA	[52.005515,37.958749]		Region
Eastern Europe	Eastern Europe	NA	NA	[52.005515,37.958749]		Region
The Hague	The Hague	NA	NA	[52.070498,4.3007]		Location
Aleutian Islands	Aleutian Islands	NA	NA	[52.096813,-173.500556]		Region
Wales	Wales	NA	Wales	[52.130661,-3.783712]		Country
United Netherlands	United Netherlands	NA	United Netherlands	[52.132633,5.291266]		Country
Holland	Holland	NA	Holland	[52.132633,5.291266]		Country
Netherlands	Netherlands	NA	Netherlands	[52.132633,5.291266]		Country
The Netherlands	The Netherlands	NA	The Netherlands	[52.132633,5.291266]		Country
Warsaw	Warsaw	NA	NA	[52.229676,21.012229]		Location
Northampton	Northampton	NA	NA	[52.240477,-0.902656]		Location
England	England	NA	England	[52.355518,-1.17432]		Country
Amsterdam	Amsterdam	NA	NA	[52.370216,4.895168]		Location
Hanover	Hanover	NA	NA	[52.375892,9.73201]		Location
Potsdam	Potsdam	NA	NA	[52.394189,13.072691]		Location
Prussia	Prussia	NA	Prussia	[52.512898,13.410192]		Country
Prussian	Prussian	NA	Prussian	[52.512898,13.410192]		Country
Berlin	Berlin	NA	NA	[52.520007,13.404954]		Location
West Berlin	West Berlin	NA	NA	[52.520007,13.404954]		Location
Labrador	Labrador	NA	NA	[52.939001,-66.914216]		Region
Saskatchewan	Saskatchewan	NA	NA	[52.939916,-106.450864]		Region
Quebec	Quebec	NA	NA	[52.939916,-73.549136]		Region
Bremen	Bremen	NA	NA	[53.079296,8.801694]		Location
Oldenburg	Oldenburg	NA	NA	[53.14345,8.214552]		Location
Samar	Samar	NA	NA	[11.932458,125.038816]		Location
Liverpool	Liverpool	NA	NA	[53.408371,-2.991573]		Location
Ireland	Ireland	NA	Ireland	[53.41291,-8.24389]		Country
Borkum Emden	Borkum Emden	NA	NA	[53.443578,6.972957]		Location
Manchester	Manchester	NA	NA	[53.479324,-2.248485]		Location
Hamburg	Hamburg	NA	NA	[53.551085,9.993682]		Location
Belarus	Belarus	NA	Belarus	[53.709807,27.953389]		Country
British Columbia	British Columbia	NA	NA	[53.726668,-127.647621]		Region
Lubeck	Lubeck	NA	NA	[53.865886,10.687096]		Location
James River Canal	James River Canal	NA	NA	[37.546111, -77.502778]		Location
Seamew	Seamew	NA	NA	[]		Location
York	York	NA	NA	[53.962301,-1.081884]		Location
Schleswig-Holstein	Schleswig-Holstein	NA	NA	[54.219367,9.696117]		Region
Gdansk	Gdansk	NA	NA	[54.352025,18.646638]		Location
North America	North America	NA	NA	[54.525961,-105.255119]		Continent
North American	North American	NA	NA	[54.525961,-105.255119]		Continent
Europe	Europe	NA	NA	[54.525961,15.255119]		Continent
EU	EU	NA	NA	[54.525961,15.255119]		Continent
Europe	Europe	NA	NA	[54.525961,15.255119]		Continent
EUROPE	EUROPE	NA	NA	[54.525961,15.255119]		Continent
Europe	Europe	NA	NA	[54.525961,15.255119]		Continent
EUROPE	EUROPE	NA	NA	[54.525961,15.255119]		Continent
Europe	Europe	NA	NA	[54.525961,15.255119]		Continent
EUROPE	EUROPE	NA	NA	[54.525961,15.255119]		Continent
Europe	Europe	NA	NA	[54.525961,15.255119]		Continent
European	European	NA	NA	[54.525961,15.255119]		Continent
European States	European States	NA	NA	[54.525961,15.255119]		Continent
Belfast	Belfast	NA	NA	[54.597285,-5.93012]		Location
Wales Island	Wales Island	NA	NA	[54.771894,-130.514115]		Location
Northern Ireland	Northern Ireland	NA	Northern Ireland	[54.787715,-6.492315]		Country
Lithuania	Lithuania	NA	Lithuania	[55.169438,23.881275]		Country
Britain	Britain	NA	Britain	[55.378051,-3.435973]		Country
BRITAIN	BRITAIN	NA	BRITAIN	[55.378051,-3.435973]		Country
Britain	Britain	NA	Britain	[55.378051,-3.435973]		Country
British	British	NA	British	[55.378051,-3.435973]		Country
Great Britain	Great Britain	NA	Great Britain	[55.378051,-3.435973]		Country
United Kingdom	United Kingdom	NA	United Kingdom	[55.378051,-3.435973]		Country
United Kingdom of Great Britain	United Kingdom of Great Britain	NA	United Kingdom of Great Britain	[55.378051,-3.435973]		Country
Copenhagen	Copenhagen	NA	NA	[55.676097,12.568337]		Location
Kremlin	Kremlin	NA	NA	[55.755826,37.6173]		Location
Moscow	Moscow	NA	NA	[55.755826,37.6173]		Location
British America	British America	NA	British America	[56.130366,-106.346771]		Country
British Isles	British Isles	NA	British Isles	[55.378051,-3.435973]		Country
British North America	British North America	NA	British North America	[56.130366,-106.346771]		Country
British North American	British North American	NA	British North American	[56.130366,-106.346771]		Country
Canada	Canada	NA	Canada	[56.130366,-106.346771]		Country
CANADA	CANADA	NA	CANADA	[56.130366,-106.346771]		Country
Canada	Canada	NA	Canada	[56.130366,-106.346771]		Country
Canadas	Canadas	NA	Canadas	[56.130366,-106.346771]		Country
Canadian	Canadian	NA	Canadian	[56.130366,-106.346771]		Country
Denmark	Denmark	NA	Denmark	[56.26392,9.501785]		Country
Danish	Danish	NA	Danish	[56.26392,9.501785]		Country
North Sea	North Sea	NA	NA	[56.511018,3.515625]		Ocean
Stikine River	Stikine River	NA	NA	[56.563889,-132.404444]		Location
Latvia	Latvia	NA	Latvia	[56.879635,24.603189]		Country
Bering Sea	Bering Sea	NA	NA	[56.90728,-178.139472]		Ocean
Behrings Straits	NA	NA	NA	[65.893813,-168.395396]		Location
Sitka	Sitka	NA	NA	[57.053056,-135.33]		Location
Pribilof Islands	Pribilof Islands	NA	NA	[57.4,-170.246667]		Region
Pribiloff Islands	Pribiloff Islands	NA	NA	[57.4,-170.246667]		Region
Balearic	Balearic	NA	NA	[39.5,3]		Region
Afognak Forest	Afognak Forest	NA	NA	[58.327945,-152.64146]		Location
Baltic Sound	Baltic Sound	NA	NA	[58.487952,19.863281]		Ocean
Baltic Sea	Baltic Sea	NA	NA	[58.487952,19.863281]		Ocean
Estonia	Estonia	NA	Estonia	[58.595272,25.013607]		Country
Lynn Canal	Lynn Canal	NA	NA	[58.691944,-135.114167]		Location
Yukon River	Yukon River	NA	NA	[59.10,-133.5]		Region
Yukon Valley	Yukon Valley	NA	NA	[59.10,-133.5]		Region
Orkney Islands	Orkney Islands	NA	NA	[59.1573,-2.931222]		Region
Stockholm	Stockholm	NA	NA	[59.32893,18.06491]		Location
Klukwan	Klukwan	NA	NA	[59.403889,-135.884444]		Location
Klehini River	Klehini River	NA	NA	[59.411667,-135.93]		Region
Klehini	Klehini	NA	NA	[59.411667,-135.93]		Location
Dyea	Dyea	NA	NA	[59.504197,-135.360803]		Location
St. Petersburg	St. Petersburg	NA	NA	[59.93428,30.335099]		Location
Leningrad	Leningrad	NA	NA	[59.93428,30.335099]		Location
Caroline Islands	Caroline Islands	NA	Caroline Islands	[6.05,147.083333]		Country
Monrovia	Monrovia	NA	NA	[6.300774,-10.79716]		Location
Venezuela	Venezuela	NA	Venezuela	[6.42375,-66.58973]		Country
VENEZUELA	VENEZUELA	NA	VENEZUELA	[6.42375,-66.58973]		Country
Venezuela	Venezuela	NA	Venezuela	[6.42375,-66.58973]		Country
Liberia	Liberia	NA	Liberia	[6.428055,-9.429499]		Country
LIBERIA	LIBERIA	NA	LIBERIA	[6.428055,-9.429499]		Country
Liberia	Liberia	NA	Liberia	[6.428055,-9.429499]		Country
LIBERIA	LIBERIA	NA	LIBERIA	[6.428055,-9.429499]		Country
Liberia	Liberia	NA	Liberia	[6.428055,-9.429499]		Country
LIBERIA	LIBERIA	NA	LIBERIA	[6.428055,-9.429499]		Country
Liberia	Liberia	NA	Liberia	[6.428055,-9.429499]		Country
Yara	Yara	NA	NA	[6.541147,101.280395]		Location
British Guiana	British Guiana	NA	British Guiana	[6.818835,-58.164115]		Country
Ponape	Ponape	NA	NA	[6.854125,158.262382]		Location
Micronesia	Micronesia	NA	NA	[6.887457,158.215072]		Region
Atrato River	Atrato River	NA	NA	[7.382222, -77.110833]		Location
Sweden	Sweden	NA	Sweden	[60.128161,18.643501]		Country
Helsinki	Helsinki	NA	NA	[60.173324,24.941025]		Location
Mount St. Elias	Mount St. Elias	NA	NA	[60.293333,-140.929444]		Location
Norway	Norway	NA	Norway	[60.472024,8.468946]		Country
Virgin Bay	Virgin Bay	NA	NA	[11.37298,-85.758333]		Location
Siberia	Siberia	NA	NA	[61.01371,99.196656]		Region
Glacier Creek	Glacier Creek	NA	NA	[61.454578,-142.380739]		Location
Russia	Russia	NA	Russia	[61.52401,105.318756]		Country
RUSSIA	RUSSIA	NA	RUSSIA	[61.52401,105.318756]		Country
Russia	Russia	NA	Russia	[61.52401,105.318756]		Country
RUSSIA	RUSSIA	NA	RUSSIA	[61.52401,105.318756]		Country
Russia	Russia	NA	Russia	[61.52401,105.318756]		Country
Russian	Russian	NA	Russian	[61.52401,105.318756]		Country
Russian Empire	NA	NA		[61.52401,105.318756]		Country
Russians	Russians	NA	Russians	[61.52401,105.318756]		Country
Soviet	Soviet	NA	Soviet	[61.52401,105.318756]		Country
Soviet Russia	Soviet Russia	NA	Soviet Russia	[61.52401,105.318756]		Country
Soviet Union	Soviet Union	NA	Soviet Union	[61.52401,105.318756]		Country
Finland	Finland	NA	Finland	[61.92411,25.748151]		Country
Yakutsk	Yakutsk	NA	NA	[62.033333,129.733333]		Location
Scandinavia	Scandinavia	NA	NA	[62.278648,12.340171]		Region
Alaska	Alaska	Alaska	NA	[64.200841,-149.493673]		State
ALASKA	ALASKA	ALASKA	NA	[64.200841,-149.493673]		State
Alaska	Alaska	Alaska	NA	[64.200841,-149.493673]		State
ALASKA	ALASKA	ALASKA	NA	[64.200841,-149.493673]		State
Alaska	Alaska	Alaska	NA	[64.200841,-149.493673]		State
Alaska Territory	Alaska Territory	Alaska Territory	NA	[64.200841,-149.493673]		State
Iceland	Iceland	NA	Iceland	[64.963051,-19.020835]		Country
Fish Lake	Fish Lake	NA	NA	[65.067459,-151.367148]		Location
Arctic Seas	Arctic Seas	NA	NA	[65.248162,-60.462098]		Ocean
Arctic Ocean	Arctic Ocean	NA	NA	[65.248162,-60.462098]		Ocean
Arctic Sea	Arctic Sea	NA	NA	[65.248162,-60.462098]		Ocean
Porcupine River	Porcupine River	NA	NA	[67.433333,-141]		
Cape Sabine	Cape Sabine	NA	NA	[68.9156,-164.6077]		Location
North Slope of Alaska	North Slope of Alaska	NA	NA	[69.684973,-150.123528]		Region
Cagayan Sulu	Cagayan Sulu	NA	NA	[7.016271,118.474717]		Location
Kongo Valley	Kongo Valley	NA	NA	[-6.079167, 12.45]		Region
Darien	Darien	NA	NA	[7.868171,-77.836728]		Location
Ghana	Ghana	NA	Ghana	[7.946527,-1.023194]		Country
Lena River	Lena River	NA	NA	[73.01,127]		Region
Melville Bay	Melville Bay	NA	NA	[75.670094,-60.457074]		Location
Arctic	Arctic	NA	NA	[76.250578,-100.113952]		Region
Littleton Island	Littleton Island	NA	NA	[78.35,-72.916667]		Location
Spitzbergen	Spitzbergen	NA	Spitzbergen	[78.647932,18.164125]		Country
SPITZBERGEN	SPITZBERGEN	NA	SPITZBERGEN	[78.647932,18.164125]		Country
Spitzbergen	Spitzbergen	NA	Spitzbergen	[78.647932,18.164125]		Country
Spitzbergen Islands	Spitzbergen Islands	NA	Spitzbergen Islands	[78.647932,18.164125]		Country
East Indies	East Indies	NA	NA	[8.407168,95.566399]		Region
the Orient	the Orient	NA	NA	[14.264383,113.715813]		Region
Sierra Leone	Sierra Leone	NA	Sierra Leone	[8.460555,-11.779889]		Country
Mindanao	Mindanao	NA	NA	[8.49613,123.303406]		Location
Togo	Togo	NA	Togo	[8.619543,0.824782]		Country
Golfito	Golfito	NA	NA	[8.639233,-83.162407]		Location
Barima Point	Barima Point	NA	NA	[8.6950133,-60.5782093]		Location
Chiriqui Lagoon	Chiriqui Lagoon	NA	NA	[8.9600056,-81.795702]		Location
Panama	Panama	NA	Panama	[8.994269,-79.518792]		Country
PANAMA	PANAMA	NA	PANAMA	[8.994269,-79.518792]		Country
Panama	Panama	NA	Panama	[8.994269,-79.518792]		Country
PANAMA	PANAMA	NA	PANAMA	[8.994269,-79.518792]		Country
Panama	Panama	NA	Panama	[8.994269,-79.518792]		Country
PANAMA	PANAMA	NA	PANAMA	[8.994269,-79.518792]		Country
Panama	Panama	NA	Panama	[8.994269,-79.518792]		Country
PANAMA	PANAMA	NA	PANAMA	[8.994269,-79.518792]		Country
Panama	Panama	NA	Panama	[8.994269,-79.518792]		Country
PANAMA	PANAMA	NA	PANAMA	[8.994269,-79.518792]		Country
Panama	Panama	NA	Panama	[8.994269,-79.518792]		Country
Lady Franklin Bay	Lady Franklin Bay	NA	NA	[81.666667,-65]		Location
Isthmian Canal	Isthmian Canal	NA	NA	[9.057402,-79.657929]		Region
Panama Canal	Panama Canal	NA	NA	[9.057402,-79.657929]		Region
Nigeria	Nigeria	NA	Nigeria	[9.081999,8.675277]		Country
Chagres	Chagres	NA	NA	[9.121446,-80.120526]		Location
Horn of Africa	Horn of Africa	NA	NA	[9.130378,41.280858]		Region
northeast Africa	northeast Africa	NA	NA	[9.130378,41.280858]		Region
Ethiopia	Ethiopia	NA	Ethiopia	[9.145,40.489673]		Country
Chagres River	Chagres River	NA	NA	[9.234552,-79.529598]		Location
Manchuria	Manchuria	NA	NA	[45,125]		Region
Costa Rica	Costa Rica	NA	Costa Rica	[9.748917,-83.753428]		Country
Republic of Costa Rica	Republic of Costa Rica	NA	Republic of Costa Rica	[9.748917,-83.753428]		Country
Negros	Negros	NA	NA	[9.824592,122.908238]		Region
Guinea	Guinea	NA	Guinea	[9.945587,-9.696645]		Country
San Juan de Ulloa	San Juan de Ulloa	NA	NA	[9.975208,-84.141807]		Location
Kenya	Kenya	NA	Kenya	[-0.023559,37.906193]		Country
